source	dataset	paper_dataset	recall_tag	paper_metric	series	pdf_page_1based	pdf_page_0based	drawing_index	point_index	pdf_x	pdf_y	recall	log10_qps	qps	plot_default
juno++_fig8_vector	sift1m	SIFT1M	r1	R1@100	PQ64	17	16	306	0	69.185546875	101.39569091796875	0.4169030099886172	6.149748486770042	1411719.7377186138	0
juno++_fig8_vector	sift1m	SIFT1M	r1	R1@100	PQ64	17	16	306	1	86.67665100097656	102.23783111572266	0.5538014589222631	6.101510418391424	1263311.409315331	0
juno++_fig8_vector	sift1m	SIFT1M	r1	R1@100	PQ64	17	16	306	2	103.72059631347656	103.60821533203125	0.6872001088980468	6.023014358343961	1054421.756378252	0
juno++_fig8_vector	sift1m	SIFT1M	r1	R1@100	PQ64	17	16	306	3	119.0013656616211	105.95292663574219	0.8067988264636818	5.888708521265775	773942.1886019747	0
juno++_fig8_vector	sift1m	SIFT1M	r1	R1@100	PQ64	17	16	306	4	130.32139587402344	110.63745880126953	0.8953978403851868	5.62037697323465	417231.3885837144	0
juno++_fig8_vector	sift1m	SIFT1M	r1	R1@100	PQ64	17	16	306	5	137.91067504882812	114.94168853759766	0.9547972093485326	5.373829273823023	236498.98099128343	0
juno++_fig8_vector	sift1m	SIFT1M	r1	R1@100	PQ64	17	16	306	6	141.46258544921875	119.19458770751953	0.9825971138635721	5.130221806190882	134965.201116935	0
juno++_fig8_vector	sift1m	SIFT1M	r1	R1@100	PQ64	17	16	306	7	143.12351989746094	123.94116973876953	0.9955968277814105	4.858336021378758	72166.56287852897	0
juno++_fig8_vector	sift1m	SIFT1M	r1	R1@100	PQ64	17	16	306	8	143.63458251953125	129.29840087890625	0.9995967856894696	4.551472054135272	35601.808034301655	0
juno++_fig8_vector	sift1m	SIFT1M	r1	R1@100	PQ64	17	16	306	9	143.68568420410156	135.5229034423828	0.9999967456522707	4.194930493619942	15665.003405087935	0
juno++_fig8_vector	sift1m	SIFT1M	r1	R1@100	PQ32	17	16	317	0	69.185546875	101.02597045898438	0.4169030099886172	6.1709261966442766	1482266.169642084	0
juno++_fig8_vector	sift1m	SIFT1M	r1	R1@100	PQ32	17	16	317	1	86.67665100097656	102.301513671875	0.5538014589222631	6.097862660563933	1252744.9495705417	0
juno++_fig8_vector	sift1m	SIFT1M	r1	R1@100	PQ32	17	16	317	2	103.72059631347656	101.9979248046875	0.6872001088980468	6.115252331040935	1303924.156197422	0
juno++_fig8_vector	sift1m	SIFT1M	r1	R1@100	PQ32	17	16	317	3	119.0013656616211	105.39840698242188	0.8067988264636818	5.920471589963239	832667.4539904761	0
juno++_fig8_vector	sift1m	SIFT1M	r1	R1@100	PQ32	17	16	317	4	130.32139587402344	109.02513885498047	0.8953978403851868	5.712731191718386	516096.8302247136	0
juno++_fig8_vector	sift1m	SIFT1M	r1	R1@100	PQ32	17	16	317	5	137.91067504882812	113.95183563232422	0.9547972093485326	5.430528374823908	269481.139330464	0
juno++_fig8_vector	sift1m	SIFT1M	r1	R1@100	PQ32	17	16	317	6	141.46258544921875	118.52080535888672	0.9825971138635721	5.168816281424746	147508.24006270626	0
juno++_fig8_vector	sift1m	SIFT1M	r1	R1@100	PQ32	17	16	317	7	143.12351989746094	123.27799224853516	0.9955968277814105	4.89632304682465	78763.14458322672	0
juno++_fig8_vector	sift1m	SIFT1M	r1	R1@100	PQ32	17	16	317	8	143.63458251953125	128.30377197265625	0.9995967856894696	4.608444726047862	40592.3996807761	0
juno++_fig8_vector	sift1m	SIFT1M	r1	R1@100	PQ32	17	16	317	9	143.68568420410156	133.47463989257812	0.9999967456522707	4.312255705545976	20523.702254474712	0
juno++_fig8_vector	sift1m	SIFT1M	r1	R1@100	PQ16	17	16	328	0	69.185546875	102.91925048828125	0.4169030099886172	6.06247849190737	1154724.7964360532	0
juno++_fig8_vector	sift1m	SIFT1M	r1	R1@100	PQ16	17	16	328	1	86.67665100097656	103.06317138671875	0.5538014589222631	6.054234655360372	1133012.3802573415	0
juno++_fig8_vector	sift1m	SIFT1M	r1	R1@100	PQ16	17	16	328	2	103.70782470703125	103.77113342285156	0.6871001487640175	6.013682356349442	1032006.3186538819	0
juno++_fig8_vector	sift1m	SIFT1M	r1	R1@100	PQ16	17	16	328	3	118.98859405517578	104.70203399658203	0.8066988663296525	5.960360064349758	912767.2817439311	0
juno++_fig8_vector	sift1m	SIFT1M	r1	R1@100	PQ16	17	16	328	4	130.30862426757812	106.12336730957031	0.8952978802511575	5.878945623234608	756738.1400788763	0
juno++_fig8_vector	sift1m	SIFT1M	r1	R1@100	PQ16	17	16	328	5	137.8468017578125	110.95467376708984	0.9542972892517023	5.602206795332237	400135.2343399912	0
juno++_fig8_vector	sift1m	SIFT1M	r1	R1@100	PQ16	17	16	328	6	141.34756469726562	114.63348388671875	0.9816968755238906	5.391483337912776	246310.73371574513	0
juno++_fig8_vector	sift1m	SIFT1M	r1	R1@100	PQ16	17	16	328	7	142.93185424804688	118.72258758544922	0.9940967092108695	5.157258128912288	143634.28898940206	0
juno++_fig8_vector	sift1m	SIFT1M	r1	R1@100	PQ16	17	16	328	8	143.41738891601562	123.6204833984375	0.9978968662775534	4.876705040758528	75284.40818862476	0
juno++_fig8_vector	sift1m	SIFT1M	r1	R1@100	PQ16	17	16	328	9	143.46849060058594	128.6220703125	0.9982968262403542	4.590212492123944	38923.554404403905	0
juno++_fig8_vector	sift1m	SIFT1M	r1	R1@100	PQ8	17	16	339	0	69.16000366210938	101.3997802734375	0.4167030897205585	6.149514247139572	1410958.5225476378	0
juno++_fig8_vector	sift1m	SIFT1M	r1	R1@100	PQ8	17	16	339	1	86.60000610351562	101.39418029785156	0.5532015786914034	6.149835015588761	1412001.036736192	0
juno++_fig8_vector	sift1m	SIFT1M	r1	R1@100	PQ8	17	16	339	2	103.28618621826172	103.0047836303711	0.6838000909341889	6.057579125308113	1141771.3081300426	0
juno++_fig8_vector	sift1m	SIFT1M	r1	R1@100	PQ8	17	16	339	3	118.10700225830078	102.72880554199219	0.7997988702679073	6.073387241265205	1184096.8922133753	0
juno++_fig8_vector	sift1m	SIFT1M	r1	R1@100	PQ8	17	16	339	4	128.58380126953125	104.92481231689453	0.8817981268098056	5.94759924865996	886337.753940687	0
juno++_fig8_vector	sift1m	SIFT1M	r1	R1@100	PQ8	17	16	339	5	135.02316284179688	107.70734405517578	0.932197381483322	5.788214912637432	614065.8032997469	0
juno++_fig8_vector	sift1m	SIFT1M	r1	R1@100	PQ8	17	16	339	6	137.55294799804688	111.05328369140625	0.9519973701822431	5.596558386332557	394964.79464894993	0
juno++_fig8_vector	sift1m	SIFT1M	r1	R1@100	PQ8	17	16	339	7	138.17898559570312	114.77340698242188	0.9568972081499334	5.383468496825416	241806.79279673155	0
juno++_fig8_vector	sift1m	SIFT1M	r1	R1@100	PQ8	17	16	339	8	138.70281982421875	119.02681732177734	0.960997126192022	5.139831749239466	137984.95911738763	0
juno++_fig8_vector	sift1m	SIFT1M	r1	R1@100	PQ8	17	16	339	9	138.71560668945312	124.06156921386719	0.9610972057527347	4.851439499721199	71029.62138473331	0
juno++_fig8_vector	sift1m	SIFT1M	r1	R1@100	+HNSW	17	16	350	0	69.185546875	101.93344116210938	0.4169030099886172	6.118945975363201	1315061.233234503	1
juno++_fig8_vector	sift1m	SIFT1M	r1	R1@100	+HNSW	17	16	350	1	86.67665100097656	102.95338439941406	0.5538014589222631	6.060523290215722	1149537.8888439718	1
juno++_fig8_vector	sift1m	SIFT1M	r1	R1@100	+HNSW	17	16	350	2	103.70782470703125	104.19910430908203	0.6871001487640175	5.989168042783714	975366.9661921008	1
juno++_fig8_vector	sift1m	SIFT1M	r1	R1@100	+HNSW	17	16	350	3	118.98859405517578	104.368896484375	0.8066988663296525	5.979442290962602	953766.9978914539	1
juno++_fig8_vector	sift1m	SIFT1M	r1	R1@100	+HNSW	17	16	350	4	130.30862426757812	106.09243774414062	0.8952978802511575	5.880717278947157	759831.4737565177	1
juno++_fig8_vector	sift1m	SIFT1M	r1	R1@100	+HNSW	17	16	350	5	137.8468017578125	110.6685562133789	0.9542972892517023	5.618595703208909	415523.60792290943	1
juno++_fig8_vector	sift1m	SIFT1M	r1	R1@100	+HNSW	17	16	350	6	141.34756469726562	114.28305053710938	0.9816968755238906	5.411556275798524	257962.32098690158	1
juno++_fig8_vector	sift1m	SIFT1M	r1	R1@100	+HNSW	17	16	350	7	142.93185424804688	118.56715393066406	0.9940967092108695	5.166161419941338	146609.266163891	1
juno++_fig8_vector	sift1m	SIFT1M	r1	R1@100	+HNSW	17	16	350	8	143.41738891601562	123.5542984008789	0.9978968662775534	4.880496139255412	75944.46714079296	1
juno++_fig8_vector	sift1m	SIFT1M	r1	R1@100	+HNSW	17	16	350	9	143.46849060058594	128.58477783203125	0.9982968262403542	4.592348617709278	39115.475831002484	1
juno++_fig8_vector	sift1m	SIFT1M	r1	R1@100	JUNO-H	17	16	361	0	92.57943725585938	94.30508422851562	0.6000010742730284	6.555900777379116	3596671.5314314472	1
juno++_fig8_vector	sift1m	SIFT1M	r1	R1@100	JUNO-H	17	16	361	1	107.91131591796875	97.38133239746094	0.7199998115148061	6.379692267300908	2397133.754318016	1
juno++_fig8_vector	sift1m	SIFT1M	r1	R1@100	JUNO-H	17	16	361	2	121.96553039550781	102.80169677734375	0.829998594273094	6.069212007254919	1172767.7296922202	1
juno++_fig8_vector	sift1m	SIFT1M	r1	R1@100	JUNO-H	17	16	361	3	124.52084350585938	103.50752258300781	0.8499983838133902	6.028782072230055	1068518.565012564	1
juno++_fig8_vector	sift1m	SIFT1M	r1	R1@100	JUNO-H	17	16	361	4	132.18678283691406	105.93589782714844	0.909997752434279	5.88968393704042	775682.3990987783	1
juno++_fig8_vector	sift1m	SIFT1M	r1	R1@100	JUNO-H	17	16	361	5	133.46444702148438	106.95465087890625	0.9199977069177689	5.831329426113749	678155.7151441802	1
juno++_fig8_vector	sift1m	SIFT1M	r1	R1@100	JUNO-H	17	16	361	6	135.3809356689453	107.48265075683594	0.9349975789296621	5.801085418900454	632536.2490833366	1
juno++_fig8_vector	sift1m	SIFT1M	r1	R1@100	JUNO-H	17	16	361	7	137.2974090576172	108.28902435302734	0.9499973315148715	5.754896073259979	568716.8205314047	1
juno++_fig8_vector	sift1m	SIFT1M	r1	R1@100	JUNO-H	17	16	361	8	138.5750732421875	108.74866485595703	0.9599972859983614	5.728567713600815	535263.6036010162	1
juno++_fig8_vector	sift1m	SIFT1M	r1	R1@100	JUNO-H	17	16	361	9	139.85272216796875	111.5769271850586	0.9699971210551679	5.5665639142479915	368607.2850559067	1
juno++_fig8_vector	sift1m	SIFT1M	r1	R1@100	JUNO-H	17	16	361	10	141.13037109375	112.79805755615234	0.9799969561119743	5.496617163698457	313774.15139623097	1
juno++_fig8_vector	sift1m	SIFT1M	r1	R1@100	JUNO-H	17	16	361	11	142.4080352783203	114.78728485107422	0.9899969105954642	5.38267356793022	241364.59653649468	1
juno++_fig8_vector	sift1m	SIFT1M	r1	R1@100	JUNO-H	17	16	361	12	143.17462158203125	118.31046295166016	0.9959967877442113	5.180864763909943	151657.80427365267	1
juno++_fig8_vector	sift1m	SIFT1M	r1	R1@100	JUNO-H	17	16	361	13	143.43014526367188	119.7662124633789	0.9979967069848992	5.097478951576413	125163.86099121979	1
juno++_fig8_vector	sift1m	SIFT1M	r1	R1@100	JUNO-M	17	16	385	0	134.74209594726562	103.18376159667969	0.9299975419745754	6.047327208346915	1115134.3873633982	1
juno++_fig8_vector	sift1m	SIFT1M	r1	R1@100	JUNO-M	17	16	385	1	137.2974090576172	105.29493713378906	0.9499973315148715	5.926398377031219	844108.7011326356	1
juno++_fig8_vector	sift1m	SIFT1M	r1	R1@100	JUNO-M	17	16	385	2	138.5750732421875	106.36254119873047	0.9599972859983614	5.865245663951748	733239.1815066105	1
juno++_fig8_vector	sift1m	SIFT1M	r1	R1@100	JUNO-M	17	16	385	3	139.85272216796875	108.2784194946289	0.9699971210551679	5.7555035230479525	569512.8440644131	1
juno++_fig8_vector	sift1m	SIFT1M	r1	R1@100	JUNO-M	17	16	385	4	141.13037109375	110.13101196289062	0.9799969561119743	5.649386415231379	446052.9492624262	1
juno++_fig8_vector	sift1m	SIFT1M	r1	R1@100	JUNO-L	17	16	396	0	72.13693237304688	83.36907958984375	0.44000275795065813	7.182318731249662	15216638.780176003	1
juno++_fig8_vector	sift1m	SIFT1M	r1	R1@100	JUNO-L	17	16	396	1	93.85709381103516	87.06768798828125	0.6100009690431765	6.970461221887906	9342459.458032459	1
juno++_fig8_vector	sift1m	SIFT1M	r1	R1@100	JUNO-L	17	16	396	2	114.29959106445312	90.99502563476562	0.769999225652205	6.745502025732308	5565472.302227998	1
juno++_fig8_vector	sift1m	SIFT1M	r1	R1@100	JUNO-L	17	16	396	3	127.07615661621094	95.54377746582031	0.8699981733536865	6.48494802005842	3054555.496968778	1
juno++_fig8_vector	sift1m	SIFT1M	r1	R1@100	JUNO-L	17	16	396	4	133.46444702148438	99.47613525390625	0.9199977069177689	6.259701268535566	1818449.5993647277	1
juno++_fig8_vector	sift1m	SIFT1M	r1	R1@100	JUNO-L	17	16	396	5	134.74209594726562	101.90660095214844	0.9299975419745754	6.12048339144528	1319724.8410189745	1
juno++_fig8_vector	sift1m	SIFT1M	r1	R1@100	JUNO-L	17	16	396	6	136.01974487304688	104.1401138305664	0.9399973770313819	5.992547036856095	982985.3308016155	1
juno++_fig8_vector	sift1m	SIFT1M	r1	R1@100	JUNO++ frontier	17	16	404	0	72.13693237304688	83.36907958984375	0.44000275795065813	7.182318731249662	15216638.780176003	1
juno++_fig8_vector	sift1m	SIFT1M	r1	R1@100	JUNO++ frontier	17	16	404	1	93.85709381103516	87.06768798828125	0.6100009690431765	6.970461221887906	9342459.458032459	1
juno++_fig8_vector	sift1m	SIFT1M	r1	R1@100	JUNO++ frontier	17	16	404	2	114.29959106445312	90.99502563476562	0.769999225652205	6.745502025732308	5565472.302227998	1
juno++_fig8_vector	sift1m	SIFT1M	r1	R1@100	JUNO++ frontier	17	16	404	3	127.07615661621094	95.54377746582031	0.8699981733536865	6.48494802005842	3054555.496968778	1
juno++_fig8_vector	sift1m	SIFT1M	r1	R1@100	JUNO++ frontier	17	16	404	4	133.46444702148438	99.47613525390625	0.9199977069177689	6.259701268535566	1818449.5993647277	1
juno++_fig8_vector	sift1m	SIFT1M	r1	R1@100	JUNO++ frontier	17	16	404	5	134.74209594726562	101.90660095214844	0.9299975419745754	6.12048339144528	1319724.8410189745	1
juno++_fig8_vector	sift1m	SIFT1M	r1	R1@100	JUNO++ frontier	17	16	404	6	136.01974487304688	104.1401138305664	0.9399973770313819	5.992547036856095	982985.3308016155	1
juno++_fig8_vector	sift1m	SIFT1M	r1	R1@100	JUNO++ frontier	17	16	404	7	137.2974090576172	105.29493713378906	0.9499973315148715	5.926398377031219	844108.7011326356	1
juno++_fig8_vector	sift1m	SIFT1M	r1	R1@100	JUNO++ frontier	17	16	404	8	138.5750732421875	106.36254119873047	0.9599972859983614	5.865245663951748	733239.1815066105	1
juno++_fig8_vector	sift1m	SIFT1M	r1	R1@100	JUNO++ frontier	17	16	404	9	139.85272216796875	108.2784194946289	0.9699971210551679	5.7555035230479525	569512.8440644131	1
juno++_fig8_vector	sift1m	SIFT1M	r1	R1@100	JUNO++ frontier	17	16	404	10	141.13037109375	110.13101196289062	0.9799969561119743	5.649386415231379	446052.9492624262	1
juno++_fig8_vector	sift1m	SIFT1M	r1	R1@100	JUNO++ frontier	17	16	404	11	142.4080352783203	114.78728485107422	0.9899969105954642	5.38267356793022	241364.59653649468	1
juno++_fig8_vector	sift1m	SIFT1M	r1	R1@100	JUNO++ frontier	17	16	404	12	143.17462158203125	118.31046295166016	0.9959967877442113	5.180864763909943	151657.80427365267	1
juno++_fig8_vector	sift1m	SIFT1M	r1	R1@100	JUNO++ frontier	17	16	404	13	143.43014526367188	119.7662124633789	0.9979967069848992	5.097478951576413	125163.86099121979	1
juno++_fig8_vector	sift1m	SIFT1M	r100	R100@1000	PQ64	17	16	221	0	64.471	170.62912311202874	0.38000344378833695	6.068843904683893	1171774.1275744967	0
juno++_fig8_vector	sift1m	SIFT1M	r100	R100@1000	PQ64	17	16	221	1	74.25784301757812	171.42921447753906	0.4566025892404382	6.023014407289557	1054421.8752130668	0
juno++_fig8_vector	sift1m	SIFT1M	r100	R100@1000	PQ64	17	16	221	2	92.52833557128906	173.77392578125	0.5996011143102274	5.888708570211371	773942.2758263478	0
juno++_fig8_vector	sift1m	SIFT1M	r100	R100@1000	PQ64	17	16	221	3	110.12165069580078	178.45846557617188	0.7372995428828168	5.620376585166007	417231.01576215395	0
juno++_fig8_vector	sift1m	SIFT1M	r100	R100@1000	PQ64	17	16	221	4	125.03190612792969	182.7626953125	0.8539983417214495	5.37382888575438	236498.7696650948	0
juno++_fig8_vector	sift1m	SIFT1M	r100	R100@1000	PQ64	17	16	221	5	135.31703186035156	187.01559448242188	0.9344974199794649	5.130221418122236	134965.0805173382	0
juno++_fig8_vector	sift1m	SIFT1M	r100	R100@1000	PQ64	17	16	221	6	141.01539611816406	191.76217651367188	0.9790970760523432	4.858335633310112	72166.49839332602	0
juno++_fig8_vector	sift1m	SIFT1M	r100	R100@1000	PQ64	17	16	221	7	143.161865234375	197.11940002441406	0.9958969470368655	4.55147210308086	35601.81204667482	0
juno++_fig8_vector	sift1m	SIFT1M	r100	R100@1000	PQ64	17	16	221	8	143.64735412597656	203.34390258789062	0.9996967458234991	4.194930542565528	15665.005170555492	0
juno++_fig8_vector	sift1m	SIFT1M	r100	R100@1000	PQ32	17	16	230	0	64.471	169.99617167103034	0.38000344378833695	6.105099572056927	1273795.0945333012	0
juno++_fig8_vector	sift1m	SIFT1M	r100	R100@1000	PQ32	17	16	230	1	74.25784301757812	169.8189239501953	0.4566025892404382	6.115252379986531	1303924.3031515079	0
juno++_fig8_vector	sift1m	SIFT1M	r100	R100@1000	PQ32	17	16	230	2	92.52833557128906	173.2194061279297	0.5996011143102274	5.920471638908834	832667.5478332673	0
juno++_fig8_vector	sift1m	SIFT1M	r100	R100@1000	PQ32	17	16	230	3	110.12165069580078	176.8461456298828	0.7372995428828168	5.712730803649745	516096.36906088464	0
juno++_fig8_vector	sift1m	SIFT1M	r100	R100@1000	PQ32	17	16	230	4	125.03190612792969	181.77284240722656	0.8539983417214495	5.430527986755264	269480.89853271516	0
juno++_fig8_vector	sift1m	SIFT1M	r100	R100@1000	PQ32	17	16	230	5	135.31703186035156	186.341796875	0.9344974199794649	5.168816767384573	147508.40511918731	0
juno++_fig8_vector	sift1m	SIFT1M	r100	R100@1000	PQ32	17	16	230	6	141.01539611816406	191.0989990234375	0.9790970760523432	4.896322658756004	78763.07420357774	0
juno++_fig8_vector	sift1m	SIFT1M	r100	R100@1000	PQ32	17	16	230	7	143.161865234375	196.12477111816406	0.9958969470368655	4.608444774993451	40592.40425559596	0
juno++_fig8_vector	sift1m	SIFT1M	r100	R100@1000	PQ32	17	16	230	8	143.63458251953125	201.295654296875	0.9995967856894696	4.312254880463092	20523.6632630989	0
juno++_fig8_vector	sift1m	SIFT1M	r100	R100@1000	PQ16	17	16	239	0	64.471	171.17879508828383	0.38000344378833695	6.037358512528142	1089829.3823596982	0
juno++_fig8_vector	sift1m	SIFT1M	r100	R100@1000	PQ16	17	16	239	1	74.25784301757812	171.59213256835938	0.4566025892404382	6.013682405295038	1032006.434962445	0
juno++_fig8_vector	sift1m	SIFT1M	r100	R100@1000	PQ16	17	16	239	2	92.52833557128906	172.52304077148438	0.5996011143102274	5.960359676281117	912766.4661309881	0
juno++_fig8_vector	sift1m	SIFT1M	r100	R100@1000	PQ16	17	16	239	3	110.12165069580078	173.94436645507812	0.7372995428828168	5.878945672180203	756738.2253643272	0
juno++_fig8_vector	sift1m	SIFT1M	r100	R100@1000	PQ16	17	16	239	4	125.00636291503906	178.7756805419922	0.8537984214533907	5.602206407263594	400134.8767948818	0
juno++_fig8_vector	sift1m	SIFT1M	r100	R100@1000	PQ16	17	16	239	5	135.21481323242188	182.45448303222656	0.9336973806271796	5.3914833868583685	246310.76147530912	0
juno++_fig8_vector	sift1m	SIFT1M	r100	R100@1000	PQ16	17	16	239	6	140.75985717773438	186.5435791015625	0.9770970373849719	5.157258614872115	143634.4497110695	0
juno++_fig8_vector	sift1m	SIFT1M	r100	R100@1000	PQ16	17	16	239	7	142.740234375	191.4414825439453	0.9925969489203785	4.876705089704119	75284.4166732825	0
juno++_fig8_vector	sift1m	SIFT1M	r100	R100@1000	PQ16	17	16	239	8	143.14907836914062	196.4430694580078	0.9957968674761526	4.590212541069533	38923.55879114258	0
juno++_fig8_vector	sift1m	SIFT1M	r100	R100@1000	PQ8	17	16	248	0	64.471	169.88544284704838	0.38000344378833695	6.111442155627895	1292534.5346130708	0
juno++_fig8_vector	sift1m	SIFT1M	r100	R100@1000	PQ8	17	16	248	1	74.25784301757812	170.82577514648438	0.4566025892404382	6.057579611267943	1141772.5857315895	0
juno++_fig8_vector	sift1m	SIFT1M	r100	R100@1000	PQ8	17	16	248	2	92.489990234375	170.5498046875	0.5993009950547725	6.0733872902108	1184097.0256627577	0
juno++_fig8_vector	sift1m	SIFT1M	r100	R100@1000	PQ8	17	16	248	3	109.75113677978516	172.74581909179688	0.7343996241558144	5.947598860591318	886336.9619441305	0
juno++_fig8_vector	sift1m	SIFT1M	r100	R100@1000	PQ8	17	16	248	4	123.57538604736328	175.52835083007812	0.8425985273681564	5.78821452456879	614065.2545946956	0
juno++_fig8_vector	sift1m	SIFT1M	r100	R100@1000	PQ8	17	16	248	5	131.98236083984375	178.87428283691406	0.908397793156392	5.596558435278151	394964.839162036	0
juno++_fig8_vector	sift1m	SIFT1M	r100	R100@1000	PQ8	17	16	248	6	135.77699279785156	182.5944061279297	0.9380974179247232	5.383468545771008	241806.82004869462	0
juno++_fig8_vector	sift1m	SIFT1M	r100	R100@1000	PQ8	17	16	248	7	136.82467651367188	186.84780883789062	0.946297373435584	5.139832235199293	137985.11351765558	0
juno++_fig8_vector	sift1m	SIFT1M	r100	R100@1000	PQ8	17	16	248	8	136.96524047851562	191.882568359375	0.9473975320433241	4.851439548666789	71029.62938987064	0
juno++_fig8_vector	sift1m	SIFT1M	r100	R100@1000	+HNSW	17	16	257	0	64.471	171.29280389012774	0.38000344378833695	6.030828050743063	1073564.2742480782	1
juno++_fig8_vector	sift1m	SIFT1M	r100	R100@1000	+HNSW	17	16	257	1	74.25784301757812	172.02011108398438	0.4566025892404382	5.989167654715073	975366.0946425438	1
juno++_fig8_vector	sift1m	SIFT1M	r100	R100@1000	+HNSW	17	16	257	2	92.52833557128906	172.1898956298828	0.5996011143102274	5.979442339908198	953767.1053823356	1
juno++_fig8_vector	sift1m	SIFT1M	r100	R100@1000	+HNSW	17	16	257	3	110.12165069580078	173.91343688964844	0.7372995428828168	5.880717327892752	759831.5593905917	1
juno++_fig8_vector	sift1m	SIFT1M	r100	R100@1000	+HNSW	17	16	257	4	125.00636291503906	178.48956298828125	0.8537984214533907	5.618595315140267	415523.23662735545	1
juno++_fig8_vector	sift1m	SIFT1M	r100	R100@1000	+HNSW	17	16	257	5	135.21481323242188	182.1040496826172	0.9336973806271796	5.411556324744115	257962.35005961524	1
juno++_fig8_vector	sift1m	SIFT1M	r100	R100@1000	+HNSW	17	16	257	6	140.75985717773438	186.38815307617188	0.9770970373849719	5.16616146888693	146609.28268695995	1
juno++_fig8_vector	sift1m	SIFT1M	r100	R100@1000	+HNSW	17	16	257	7	142.740234375	191.37530517578125	0.9925969489203785	4.880495751186766	75944.3992798033	1
juno++_fig8_vector	sift1m	SIFT1M	r100	R100@1000	+HNSW	17	16	257	8	143.14907836914062	196.40576171875	0.9957968674761526	4.592349540683339	39115.55896032932	1
juno++_fig8_vector	sift1m	SIFT1M	r100	R100@1000	JUNO-H	17	16	266	0	84.91349792480469	162.12608337402344	0.5400017056521396	6.555900826324713	3596671.9367813934	1
juno++_fig8_vector	sift1m	SIFT1M	r100	R100@1000	JUNO-H	17	16	266	1	96.41240692138672	165.20233154296875	0.6300007585834728	6.379692316246505	2397134.024478366	1
juno++_fig8_vector	sift1m	SIFT1M	r100	R100@1000	JUNO-H	17	16	266	2	106.63365173339844	170.62271118164062	0.7099998570313162	6.069211182172042	1172765.5016426058	1
juno++_fig8_vector	sift1m	SIFT1M	r100	R100@1000	JUNO-H	17	16	266	3	111.74427795410156	171.32852172851562	0.7499994361119088	6.0287821211756505	1068518.6854361065	1
juno++_fig8_vector	sift1m	SIFT1M	r100	R100@1000	JUNO-H	17	16	266	4	119.41021728515625	173.75689697265625	0.8099988047327976	5.889683985986014	775682.4865192722	1
juno++_fig8_vector	sift1m	SIFT1M	r100	R100@1000	JUNO-H	17	16	266	5	121.96553039550781	174.77565002441406	0.829998594273094	5.831329475059343	678155.7915732801	1
juno++_fig8_vector	sift1m	SIFT1M	r100	R100@1000	JUNO-H	17	16	266	6	125.79850006103516	175.30364990234375	0.8599982785835384	5.801085467846049	632536.3203710587	1
juno++_fig8_vector	sift1m	SIFT1M	r100	R100@1000	JUNO-H	17	16	266	7	129.6314697265625	176.11001586914062	0.8899979628939827	5.754896559219809	568717.4569053294	1
juno++_fig8_vector	sift1m	SIFT1M	r100	R100@1000	JUNO-H	17	16	266	8	132.18678283691406	176.56967163085938	0.909997752434279	5.728567325532174	535263.1253105125	1
juno++_fig8_vector	sift1m	SIFT1M	r100	R100@1000	JUNO-H	17	16	266	9	133.46444702148438	179.39791870117188	0.9199977069177689	5.56656440020782	368607.69751436706	1
juno++_fig8_vector	sift1m	SIFT1M	r100	R100@1000	JUNO-H	17	16	266	10	136.01974487304688	180.6190643310547	0.9399973770313819	5.496616775629814	313773.871019989	1
juno++_fig8_vector	sift1m	SIFT1M	r100	R100@1000	JUNO-H	17	16	266	11	139.2138671875	182.6082763671875	0.9649969646733978	5.382674053890048	241364.86661490533	1
juno++_fig8_vector	sift1m	SIFT1M	r100	R100@1000	JUNO-H	17	16	266	12	141.13037109375	186.1314697265625	0.9799969561119743	5.180864375841299	151657.6687582027	1
juno++_fig8_vector	sift1m	SIFT1M	r100	R100@1000	JUNO-H	17	16	266	13	142.4080352783203	187.58721923828125	0.9899969105954642	5.097478563507769	125163.74914971564	1
juno++_fig8_vector	sift1m	SIFT1M	r100	R100@1000	JUNO-M	17	16	287	0	121.96553039550781	171.0047607421875	0.829998594273094	6.04732725729251	1115134.5130406094	1
juno++_fig8_vector	sift1m	SIFT1M	r100	R100@1000	JUNO-M	17	16	287	1	129.6314697265625	173.11593627929688	0.8899979628939827	5.926398425976815	844108.7962648731	1
juno++_fig8_vector	sift1m	SIFT1M	r100	R100@1000	JUNO-M	17	16	287	2	130.90911865234375	174.1835479736328	0.8999977979507892	5.865245275883106	733238.5263129169	1
juno++_fig8_vector	sift1m	SIFT1M	r100	R100@1000	JUNO-M	17	16	287	3	133.97549438476562	176.09942626953125	0.9239975453991447	5.75550313497931	569512.335170134	1
juno++_fig8_vector	sift1m	SIFT1M	r100	R100@1000	JUNO-M	17	16	287	4	134.74209594726562	177.95201110839844	0.9299975419745754	5.649386464176972	446052.999533218	1
juno++_fig8_vector	sift1m	SIFT1M	r100	R100@1000	JUNO-L	17	16	298	0	64.471	153.0393911326736	0.38000344378833695	7.076389555924324	11923110.144012323	1
juno++_fig8_vector	sift1m	SIFT1M	r100	R100@1000	JUNO-L	17	16	298	1	74.69224548339844	154.88868713378906	0.46000254749095437	6.970461270833505	9342460.510940854	1
juno++_fig8_vector	sift1m	SIFT1M	r100	R100@1000	JUNO-L	17	16	298	2	95.13475036621094	158.81602478027344	0.6200008638133246	6.745502074677907	5565472.929464587	1
juno++_fig8_vector	sift1m	SIFT1M	r100	R100@1000	JUNO-L	17	16	298	3	111.74427795410156	163.36477661132812	0.7499994361119088	6.484948069004018	3054555.84122149	1
juno++_fig8_vector	sift1m	SIFT1M	r100	R100@1000	JUNO-L	17	16	298	4	123.2431869506836	167.29714965820312	0.839998489043242	6.25970044345269	1818446.144634672	1
juno++_fig8_vector	sift1m	SIFT1M	r100	R100@1000	JUNO-L	17	16	298	5	127.07615661621094	169.72760009765625	0.8699981733536865	6.120483440390876	1319724.9897538198	1
juno++_fig8_vector	sift1m	SIFT1M	r100	R100@1000	JUNO-L	17	16	298	6	128.35382080078125	171.9611053466797	0.8799981278371762	5.992547522815926	982986.4307272927	1
juno++_fig8_vector	sift1m	SIFT1M	r100	R100@1000	JUNO++ frontier	17	16	305	0	64.471	153.0393911326736	0.38000344378833695	7.076389555924324	11923110.144012323	1
juno++_fig8_vector	sift1m	SIFT1M	r100	R100@1000	JUNO++ frontier	17	16	305	1	74.69224548339844	154.88868713378906	0.46000254749095437	6.970461270833505	9342460.510940854	1
juno++_fig8_vector	sift1m	SIFT1M	r100	R100@1000	JUNO++ frontier	17	16	305	2	95.13475036621094	158.81602478027344	0.6200008638133246	6.745502074677907	5565472.929464587	1
juno++_fig8_vector	sift1m	SIFT1M	r100	R100@1000	JUNO++ frontier	17	16	305	3	111.74427795410156	163.36477661132812	0.7499994361119088	6.484948069004018	3054555.84122149	1
juno++_fig8_vector	sift1m	SIFT1M	r100	R100@1000	JUNO++ frontier	17	16	305	4	123.2431869506836	167.29714965820312	0.839998489043242	6.25970044345269	1818446.144634672	1
juno++_fig8_vector	sift1m	SIFT1M	r100	R100@1000	JUNO++ frontier	17	16	305	5	127.07615661621094	169.72760009765625	0.8699981733536865	6.120483440390876	1319724.9897538198	1
juno++_fig8_vector	sift1m	SIFT1M	r100	R100@1000	JUNO++ frontier	17	16	305	6	128.35382080078125	171.9611053466797	0.8799981278371762	5.992547522815926	982986.4307272927	1
juno++_fig8_vector	sift1m	SIFT1M	r100	R100@1000	JUNO++ frontier	17	16	305	7	129.6314697265625	173.11593627929688	0.8899979628939827	5.926398425976815	844108.7962648731	1
juno++_fig8_vector	sift1m	SIFT1M	r100	R100@1000	JUNO++ frontier	17	16	305	8	130.90911865234375	174.1835479736328	0.8999977979507892	5.865245275883106	733238.5263129169	1
juno++_fig8_vector	sift1m	SIFT1M	r100	R100@1000	JUNO++ frontier	17	16	305	9	133.97549438476562	176.09942626953125	0.9239975453991447	5.75550313497931	569512.335170134	1
juno++_fig8_vector	sift1m	SIFT1M	r100	R100@1000	JUNO++ frontier	17	16	305	10	134.74209594726562	177.95201110839844	0.9299975419745754	5.649386464176972	446052.999533218	1
juno++_fig8_vector	sift1m	SIFT1M	r100	R100@1000	JUNO++ frontier	17	16	305	11	139.2138671875	182.6082763671875	0.9649969646733978	5.382674053890048	241364.86661490533	1
juno++_fig8_vector	sift1m	SIFT1M	r100	R100@1000	JUNO++ frontier	17	16	305	12	141.13037109375	186.1314697265625	0.9799969561119743	5.180864375841299	151657.6687582027	1
juno++_fig8_vector	sift1m	SIFT1M	r100	R100@1000	JUNO++ frontier	17	16	305	13	142.4080352783203	187.58721923828125	0.9899969105954642	5.097478563507769	125163.74914971564	1
juno++_fig8_vector	t2i1m	TTI1M	r1	R1@100	PQ40	17	16	566	0	256.871	92.65804786057414	0.38000344378833995	6.179872774005296	1513117.9176078856	0
juno++_fig8_vector	t2i1m	TTI1M	r1	R1@100	PQ40	17	16	566	1	273.63385009765625	93.34762573242188	0.5112020325994513	6.148365777832871	1407232.2448196716	0
juno++_fig8_vector	t2i1m	TTI1M	r1	R1@100	PQ40	17	16	566	2	290.7288818359375	94.43832397460938	0.6450005231113514	6.098531485369583	1254675.6957165343	0
juno++_fig8_vector	t2i1m	TTI1M	r1	R1@100	PQ40	17	16	566	3	305.4858093261719	98.66053009033203	0.7604992629215552	5.9056177661824965	804669.9186218092	0
juno++_fig8_vector	t2i1m	TTI1M	r1	R1@100	PQ40	17	16	566	4	315.6431884765625	104.5495376586914	0.8399985009859094	5.636547445787052	433059.376008041	0
juno++_fig8_vector	t2i1m	TTI1M	r1	R1@100	PQ40	17	16	566	5	322.9258117675781	110.245849609375	0.896997751892399	5.376281439358767	237838.1068810696	0
juno++_fig8_vector	t2i1m	TTI1M	r1	R1@100	PQ40	17	16	566	6	327.46148681640625	116.0891342163086	0.9324973335414184	5.109300213218585	128617.54426886515	0
juno++_fig8_vector	t2i1m	TTI1M	r1	R1@100	PQ40	17	16	566	7	329.9401550292969	122.31224060058594	0.9518972428508545	4.824964829160159	66828.97946955946	0
juno++_fig8_vector	t2i1m	TTI1M	r1	R1@100	PQ40	17	16	566	8	331.0517272949219	128.855712890625	0.960597237885229	4.5259918417523615	33573.13074511661	0
juno++_fig8_vector	t2i1m	TTI1M	r1	R1@100	PQ40	17	16	566	9	331.3839111328125	135.3374786376953	0.9631971567834599	4.22983824268706	16976.11242450249	0
juno++_fig8_vector	t2i1m	TTI1M	r1	R1@100	PQ20	17	16	576	0	256.871	95.56403551623922	0.38000344378833995	6.0470974259524075	1114544.533047132	0
juno++_fig8_vector	t2i1m	TTI1M	r1	R1@100	PQ20	17	16	576	1	271.3724060058594	95.25050354003906	0.4935022815552983	6.061422785244464	1151921.237457867	0
juno++_fig8_vector	t2i1m	TTI1M	r1	R1@100	PQ20	17	16	576	2	285.6821594238281	94.67921447753906	0.6055011029809563	6.087525134290709	1223277.912795362	0
juno++_fig8_vector	t2i1m	TTI1M	r1	R1@100	PQ20	17	16	576	3	296.4911193847656	97.56037139892578	0.6901000992810598	5.955884309084051	903408.7842448702	0
juno++_fig8_vector	t2i1m	TTI1M	r1	R1@100	PQ20	17	16	576	4	302.4705505371094	99.71983337402344	0.736899594862684	5.857217917713937	719810.0694380492	0
juno++_fig8_vector	t2i1m	TTI1M	r1	R1@100	PQ20	17	16	576	5	306.2012939453125	106.2892837524414	0.7660991801075012	5.557057984546225	360626.78865942016	0
juno++_fig8_vector	t2i1m	TTI1M	r1	R1@100	PQ20	17	16	576	6	308.1560974121094	111.07600402832031	0.7813989325214823	5.338351463400944	217947.28504066006	0
juno++_fig8_vector	t2i1m	TTI1M	r1	R1@100	PQ20	17	16	576	7	308.603271484375	116.59942626953125	0.7848988509060282	5.085984833731966	121894.70305733103	0
juno++_fig8_vector	t2i1m	TTI1M	r1	R1@100	PQ20	17	16	576	8	308.85882568359375	122.72188568115234	0.7868990090000827	4.806248036594186	64010.030862917025	0
juno++_fig8_vector	t2i1m	TTI1M	r1	R1@100	+HNSW	17	16	586	0	256.871	92.302847531873	0.38000344378833995	6.1961019713936105	1570731.565372682	1
juno++_fig8_vector	t2i1m	TTI1M	r1	R1@100	+HNSW	17	16	586	1	273.63385009765625	93.21087646484375	0.5112020325994513	6.15461388820019	1427624.1573459797	1
juno++_fig8_vector	t2i1m	TTI1M	r1	R1@100	+HNSW	17	16	586	2	290.7288818359375	95.14498901367188	0.6450005231113514	6.066243771987381	1164779.6434593091	1
juno++_fig8_vector	t2i1m	TTI1M	r1	R1@100	+HNSW	17	16	586	3	305.4858093261719	99.10694885253906	0.7604992629215552	5.885220774332298	767751.6780371976	1
juno++_fig8_vector	t2i1m	TTI1M	r1	R1@100	+HNSW	17	16	586	4	315.6431884765625	104.1318588256836	0.8399985009859094	5.655631302636486	452513.25247067626	1
juno++_fig8_vector	t2i1m	TTI1M	r1	R1@100	+HNSW	17	16	586	5	322.9258117675781	110.05148315429688	0.896997751892399	5.3851620943307505	242751.59623433521	1
juno++_fig8_vector	t2i1m	TTI1M	r1	R1@100	+HNSW	17	16	586	6	327.46148681640625	116.23228454589844	0.9324973335414184	5.102759636627311	126695.0469022895	1
juno++_fig8_vector	t2i1m	TTI1M	r1	R1@100	+HNSW	17	16	586	7	329.9401550292969	122.09497833251953	0.9518972428508545	4.8348915999105575	68374.09639423693	1
juno++_fig8_vector	t2i1m	TTI1M	r1	R1@100	+HNSW	17	16	586	8	331.0517272949219	128.7862091064453	0.960597237885229	4.529167488117363	33819.52379609954	1
juno++_fig8_vector	t2i1m	TTI1M	r1	R1@100	+HNSW	17	16	586	9	331.3839111328125	135.34893798828125	0.9631971567834599	4.229314661914257	16955.65853727712	1
juno++_fig8_vector	t2i1m	TTI1M	r1	R1@100	JUNO-H	17	16	596	0	313.0878601074219	102.53508758544922	0.8199985920189297	5.728588204834489	535288.8594373103	1
juno++_fig8_vector	t2i1m	TTI1M	r1	R1@100	JUNO-H	17	16	596	1	323.3091125488281	111.13207244873047	0.8999977501801142	5.335789682376093	216665.45957386066	1
juno++_fig8_vector	t2i1m	TTI1M	r1	R1@100	JUNO-H	17	16	596	2	327.14208984375	113.6987075805664	0.9299974942039	5.218519441296457	165393.8822081507	1
juno++_fig8_vector	t2i1m	TTI1M	r1	R1@100	JUNO-H	17	16	596	3	328.41973876953125	114.81868743896484	0.9399973292607064	5.1673472640089235	147010.13080551382	1
juno++_fig8_vector	t2i1m	TTI1M	r1	R1@100	JUNO-H	17	16	596	4	329.6973876953125	116.99745178222656	0.9499971643175129	5.067798942309123	116895.80937281811	1
juno++_fig8_vector	t2i1m	TTI1M	r1	R1@100	JUNO-H	17	16	596	5	330.9750671386719	119.46784973144531	0.9599972382276858	4.954925803671652	90141.71233204157	1
juno++_fig8_vector	t2i1m	TTI1M	r1	R1@100	JUNO-L	17	16	609	0	268.3699035644531	82.0352783203125	0.47000245420377307	6.665229936567317	4626258.931609023	1
juno++_fig8_vector	t2i1m	TTI1M	r1	R1@100	JUNO-L	17	16	609	1	284.97943115234375	86.94183349609375	0.6000010265023563	6.441048127007648	2760883.790831213	1
juno++_fig8_vector	t2i1m	TTI1M	r1	R1@100	JUNO-L	17	16	609	2	292.6453857421875	91.63441467285156	0.6600005145499279	6.226642846312175	1685166.6135349595	1
juno++_fig8_vector	t2i1m	TTI1M	r1	R1@100	JUNO-L	17	16	609	3	296.47833251953125	95.37034606933594	0.6900000197203469	6.055947148241014	1137488.8499296603	1
juno++_fig8_vector	t2i1m	TTI1M	r1	R1@100	JUNO-L	17	16	609	4	304.144287109375	98.31050872802734	0.7499995077679185	5.921610335220205	834853.6211032858	1
juno++_fig8_vector	t2i1m	TTI1M	r1	R1@100	JUNO-L	17	16	609	5	309.2548828125	102.30244445800781	0.7899988479951439	5.739217731136134	548551.9094595393	1
juno++_fig8_vector	t2i1m	TTI1M	r1	R1@100	JUNO++ frontier	17	16	616	0	268.3699035644531	82.0352783203125	0.47000245420377307	6.665229936567317	4626258.931609023	1
juno++_fig8_vector	t2i1m	TTI1M	r1	R1@100	JUNO++ frontier	17	16	616	1	284.97943115234375	86.94183349609375	0.6000010265023563	6.441048127007648	2760883.790831213	1
juno++_fig8_vector	t2i1m	TTI1M	r1	R1@100	JUNO++ frontier	17	16	616	2	292.6453857421875	91.63441467285156	0.6600005145499279	6.226642846312175	1685166.6135349595	1
juno++_fig8_vector	t2i1m	TTI1M	r1	R1@100	JUNO++ frontier	17	16	616	3	296.47833251953125	95.37034606933594	0.6900000197203469	6.055947148241014	1137488.8499296603	1
juno++_fig8_vector	t2i1m	TTI1M	r1	R1@100	JUNO++ frontier	17	16	616	4	304.144287109375	98.31050872802734	0.7499995077679185	5.921610335220205	834853.6211032858	1
juno++_fig8_vector	t2i1m	TTI1M	r1	R1@100	JUNO++ frontier	17	16	616	5	313.0878601074219	102.53508758544922	0.8199985920189297	5.728588204834489	535288.8594373103	1
juno++_fig8_vector	t2i1m	TTI1M	r1	R1@100	JUNO++ frontier	17	16	616	6	323.3091125488281	111.13207244873047	0.8999977501801142	5.335789682376093	216665.45957386066	1
juno++_fig8_vector	t2i1m	TTI1M	r1	R1@100	JUNO++ frontier	17	16	616	7	327.14208984375	113.6987075805664	0.9299974942039	5.218519441296457	165393.8822081507	1
juno++_fig8_vector	t2i1m	TTI1M	r1	R1@100	JUNO++ frontier	17	16	616	8	328.41973876953125	114.81868743896484	0.9399973292607064	5.1673472640089235	147010.13080551382	1
juno++_fig8_vector	t2i1m	TTI1M	r1	R1@100	JUNO++ frontier	17	16	616	9	329.6973876953125	116.99745178222656	0.9499971643175129	5.067798942309123	116895.80937281811	1
juno++_fig8_vector	t2i1m	TTI1M	r1	R1@100	JUNO++ frontier	17	16	616	10	330.9750671386719	119.46784973144531	0.9599972382276858	4.954925803671652	90141.71233204157	1
juno++_fig8_vector	t2i1m	TTI1M	r100	R100@1000	PQ40	17	16	519	0	256.871	158.36696597166852	0.38000344378833995	6.147612105469085	1404792.2591516962	0
juno++_fig8_vector	t2i1m	TTI1M	r100	R100@1000	PQ40	17	16	519	1	274.0299072265625	159.1900634765625	0.5143018715945129	6.098544020103295	1254711.9090541604	0
juno++_fig8_vector	t2i1m	TTI1M	r100	R100@1000	PQ40	17	16	519	2	291.0610656738281	162.42611694335938	0.6476004420095822	5.9056301225238155	804692.8130356756	0
juno++_fig8_vector	t2i1m	TTI1M	r100	R100@1000	PQ40	17	16	519	3	305.5113830566406	166.93971252441406	0.7606994220429806	5.6365569058502185	433068.80927012954	0
juno++_fig8_vector	t2i1m	TTI1M	r100	R100@1000	PQ40	17	16	519	4	316.5503234863281	171.30563354492188	0.8470984173157132	5.376287151585615	237841.2351597167	0
juno++_fig8_vector	t2i1m	TTI1M	r100	R100@1000	PQ40	17	16	519	5	324.17791748046875	175.78414916992188	0.9067976666811466	5.109305189311508	128619.01796135961	0
juno++_fig8_vector	t2i1m	TTI1M	r100	R100@1000	PQ40	17	16	519	6	328.7008056640625	180.55380249023438	0.942197168769453	4.824967361903742	66829.36920778894	0
juno++_fig8_vector	t2i1m	TTI1M	r100	R100@1000	PQ40	17	16	519	7	331.0517272949219	185.56900024414062	0.960597237885229	4.525991663336075	33573.116952650154	0
juno++_fig8_vector	t2i1m	TTI1M	r100	R100@1000	PQ40	17	16	519	8	332.04827880859375	190.53689575195312	0.968396994579922	4.2298358380343615	16976.018429429478	0
juno++_fig8_vector	t2i1m	TTI1M	r100	R100@1000	PQ20	17	16	528	0	256.871	159.8058045783103	0.38000344378833995	6.061837266937184	1153021.132094165	0
juno++_fig8_vector	t2i1m	TTI1M	r100	R100@1000	PQ20	17	16	528	1	273.9915771484375	159.3746795654297	0.5140018717657411	6.087538327637249	1223315.0750786462	0
juno++_fig8_vector	t2i1m	TTI1M	r100	R100@1000	PQ20	17	16	528	2	290.3072509765625	161.5829315185547	0.6417005249948649	5.955895727944201	903432.5377914013	0
juno++_fig8_vector	t2i1m	TTI1M	r100	R100@1000	PQ20	17	16	528	3	302.4705505371094	163.238037109375	0.736899594862684	5.85722836236857	719827.3808668039	0
juno++_fig8_vector	t2i1m	TTI1M	r100	R100@1000	PQ20	17	16	528	4	310.08538818359375	168.27313232421875	0.7964990035207717	5.55706649775613	360633.8578757421	0
juno++_fig8_vector	t2i1m	TTI1M	r100	R100@1000	PQ20	17	16	528	5	314.13555908203125	171.94189453125	0.8281986669564738	5.338357127248958	217950.12741697032	0
juno++_fig8_vector	t2i1m	TTI1M	r100	R100@1000	PQ20	17	16	528	6	315.82208251953125	176.17526245117188	0.8413986594224212	5.085989385584778	121895.9806458745	0
juno++_fig8_vector	t2i1m	TTI1M	r100	R100@1000	PQ20	17	16	528	7	316.4097900390625	180.86778259277344	0.8459984975613397	4.8062497708735865	64010.286476341105	0
juno++_fig8_vector	t2i1m	TTI1M	r100	R100@1000	PQ20	17	16	528	8	316.5503234863281	185.79489135742188	0.8470984173157132	4.512525404036353	32548.082192737926	0
juno++_fig8_vector	t2i1m	TTI1M	r100	R100@1000	+HNSW	17	16	537	0	256.871	158.27210587889155	0.38000344378833995	6.15326708935922	1423203.782636707	1
juno++_fig8_vector	t2i1m	TTI1M	r100	R100@1000	+HNSW	17	16	537	1	274.0299072265625	159.731689453125	0.5143018715945129	6.066255561571618	1164811.2636034498	1
juno++_fig8_vector	t2i1m	TTI1M	r100	R100@1000	+HNSW	17	16	537	2	291.0610656738281	162.768310546875	0.6476004420095822	5.885230613536002	767769.0721120496	1
juno++_fig8_vector	t2i1m	TTI1M	r100	R100@1000	+HNSW	17	16	537	3	305.5113830566406	166.61959838867188	0.7606994220429806	5.655640170768409	452522.4927174645	1
juno++_fig8_vector	t2i1m	TTI1M	r100	R100@1000	+HNSW	17	16	537	4	316.5503234863281	171.1566619873047	0.8470984173157132	5.385167933100286	242754.8598727456	1
juno++_fig8_vector	t2i1m	TTI1M	r100	R100@1000	+HNSW	17	16	537	5	324.17791748046875	175.89385986328125	0.9067976666811466	5.102764902607577	126696.58313562765	1
juno++_fig8_vector	t2i1m	TTI1M	r100	R100@1000	+HNSW	17	16	537	6	328.7008056640625	180.38729858398438	0.942197168769453	4.834893315799889	68374.36653953967	1
juno++_fig8_vector	t2i1m	TTI1M	r100	R100@1000	+HNSW	17	16	537	7	331.0517272949219	185.51573181152344	0.960597237885229	4.529167204488152	33819.501709238866	1
juno++_fig8_vector	t2i1m	TTI1M	r100	R100@1000	+HNSW	17	16	537	8	332.04827880859375	190.54566955566406	0.968396994579922	4.229312797025354	16955.58572872699	1
juno++_fig8_vector	t2i1m	TTI1M	r100	R100@1000	JUNO-H	17	16	546	0	300.3113098144531	165.395751953125	0.7199997637441327	5.7285984788874025	535301.5228519908	1
juno++_fig8_vector	t2i1m	TTI1M	r100	R100@1000	JUNO-H	17	16	546	1	316.92083740234375	171.98484802246094	0.8499983360427155	5.335796500396167	216668.8610470777	1
juno++_fig8_vector	t2i1m	TTI1M	r100	R100@1000	JUNO-H	17	16	546	2	319.47613525390625	173.95204162597656	0.8699980061563284	5.218524338721021	165395.74732194428	1
juno++_fig8_vector	t2i1m	TTI1M	r100	R100@1000	JUNO-H	17	16	546	3	324.5867919921875	174.8104248046875	0.9099978240902875	5.167352735309381	147011.98287063552	1
juno++_fig8_vector	t2i1m	TTI1M	r100	R100@1000	JUNO-H	17	16	546	4	329.0585632324219	176.4803466796875	0.9449972467891097	5.067802112655931	116896.66271455804	1
juno++_fig8_vector	t2i1m	TTI1M	r100	R100@1000	JUNO-H	17	16	546	5	330.9750671386719	178.37371826171875	0.9599972382276858	4.954930772548742	90142.74367291796	1
juno++_fig8_vector	t2i1m	TTI1M	r100	R100@1000	JUNO-L	17	16	558	0	274.7581787109375	149.683837890625	0.5200018683411718	6.665247582905739	4626446.910486705	1
juno++_fig8_vector	t2i1m	TTI1M	r100	R100@1000	JUNO-L	17	16	558	1	288.8124084472656	153.44442749023438	0.6300007705261421	6.441064019716473	2760984.8253293824	1
juno++_fig8_vector	t2i1m	TTI1M	r100	R100@1000	JUNO-L	17	16	558	2	293.92303466796875	157.04104614257812	0.6700003496067344	6.226655410758145	1685215.36730004	1
juno++_fig8_vector	t2i1m	TTI1M	r100	R100@1000	JUNO-L	17	16	558	3	296.47833251953125	159.9044189453125	0.6900000197203469	6.055958475968209	1137518.519501714	1
juno++_fig8_vector	t2i1m	TTI1M	r100	R100@1000	JUNO-L	17	16	558	4	299.0336608886719	162.15786743164062	0.7099999286873262	5.92162153285137	834875.1468279584	1
juno++_fig8_vector	t2i1m	TTI1M	r100	R100@1000	JUNO-L	17	16	558	5	309.2548828125	165.21746826171875	0.7899988479951439	5.739226672190426	548563.2029092528	1
juno++_fig8_vector	t2i1m	TTI1M	r100	R100@1000	JUNO++ frontier	17	16	565	0	274.7581787109375	149.683837890625	0.5200018683411718	6.665247582905739	4626446.910486705	1
juno++_fig8_vector	t2i1m	TTI1M	r100	R100@1000	JUNO++ frontier	17	16	565	1	288.8124084472656	153.44442749023438	0.6300007705261421	6.441064019716473	2760984.8253293824	1
juno++_fig8_vector	t2i1m	TTI1M	r100	R100@1000	JUNO++ frontier	17	16	565	2	293.92303466796875	157.04104614257812	0.6700003496067344	6.226655410758145	1685215.36730004	1
juno++_fig8_vector	t2i1m	TTI1M	r100	R100@1000	JUNO++ frontier	17	16	565	3	296.47833251953125	159.9044189453125	0.6900000197203469	6.055958475968209	1137518.519501714	1
juno++_fig8_vector	t2i1m	TTI1M	r100	R100@1000	JUNO++ frontier	17	16	565	4	299.0336608886719	162.15786743164062	0.7099999286873262	5.92162153285137	834875.1468279584	1
juno++_fig8_vector	t2i1m	TTI1M	r100	R100@1000	JUNO++ frontier	17	16	565	5	309.2548828125	165.395751953125	0.7899988479951439	5.7285984788874025	535301.5228519908	1
juno++_fig8_vector	t2i1m	TTI1M	r100	R100@1000	JUNO++ frontier	17	16	565	6	316.92083740234375	171.98484802246094	0.8499983360427155	5.335796500396167	216668.8610470777	1
juno++_fig8_vector	t2i1m	TTI1M	r100	R100@1000	JUNO++ frontier	17	16	565	7	319.47613525390625	173.95204162597656	0.8699980061563284	5.218524338721021	165395.74732194428	1
juno++_fig8_vector	t2i1m	TTI1M	r100	R100@1000	JUNO++ frontier	17	16	565	8	324.5867919921875	174.8104248046875	0.9099978240902875	5.167352735309381	147011.98287063552	1
juno++_fig8_vector	t2i1m	TTI1M	r100	R100@1000	JUNO++ frontier	17	16	565	9	329.0585632324219	176.4803466796875	0.9449972467891097	5.067802112655931	116896.66271455804	1
juno++_fig8_vector	t2i1m	TTI1M	r100	R100@1000	JUNO++ frontier	17	16	565	10	330.9750671386719	178.37371826171875	0.9599972382276858	4.954930772548742	90142.74367291796	1
