ef_search	panel_index	queue_size	plot_x	recall	s_mem_cycle	norm_throughput	throughput_unit	global_max_s_mem_cycle	ansmet_upper_bound_recall
20	0	20	0.0	0.750000	231297	2.672525	1/max_s_mem_cycle	618147	0.893000
20	0	21	1.0	0.762000	233697	2.645079	1/max_s_mem_cycle	618147	0.893000
20	0	22	2.0	0.774000	240372	2.571626	1/max_s_mem_cycle	618147	0.893000
20	0	23	3.0	0.779000	244272	2.530568	1/max_s_mem_cycle	618147	0.893000
20	0	24	4.0	0.794000	246522	2.507472	1/max_s_mem_cycle	618147	0.893000
20	0	25	5.0	0.808000	251322	2.459582	1/max_s_mem_cycle	618147	0.893000
20	0	26	6.0	0.813000	256272	2.412074	1/max_s_mem_cycle	618147	0.893000
20	0	27	7.0	0.818000	257847	2.397340	1/max_s_mem_cycle	618147	0.893000
20	0	28	8.0	0.827000	264522	2.336845	1/max_s_mem_cycle	618147	0.893000
20	0	29	9.0	0.828000	266997	2.315183	1/max_s_mem_cycle	618147	0.893000
20	0	30	10.0	0.830000	267297	2.312585	1/max_s_mem_cycle	618147	0.893000
20	0	31	11.0	0.836000	275022	2.247627	1/max_s_mem_cycle	618147	0.893000
20	0	32	12.0	0.840000	273372	2.261194	1/max_s_mem_cycle	618147	0.893000
20	0	33	13.0	0.845000	279972	2.207889	1/max_s_mem_cycle	618147	0.893000
20	0	34	14.0	0.848000	279222	2.213819	1/max_s_mem_cycle	618147	0.893000
20	0	35	15.0	0.851000	279897	2.208480	1/max_s_mem_cycle	618147	0.893000
20	0	36	16.0	0.851000	279972	2.207889	1/max_s_mem_cycle	618147	0.893000
20	0	37	17.0	0.854000	283572	2.179859	1/max_s_mem_cycle	618147	0.893000
20	0	38	18.0	0.859000	286122	2.160432	1/max_s_mem_cycle	618147	0.893000
20	0	39	19.0	0.861000	286497	2.157604	1/max_s_mem_cycle	618147	0.893000
20	0	40	20.0	0.861000	292872	2.110639	1/max_s_mem_cycle	618147	0.893000
20	0	41	21.0	0.864000	292722	2.111720	1/max_s_mem_cycle	618147	0.893000
20	0	42	22.0	0.866000	294972	2.095612	1/max_s_mem_cycle	618147	0.893000
20	0	43	23.0	0.867000	295722	2.090298	1/max_s_mem_cycle	618147	0.893000
20	0	44	24.0	0.868000	296772	2.082902	1/max_s_mem_cycle	618147	0.893000
20	0	45	25.0	0.868000	300447	2.057424	1/max_s_mem_cycle	618147	0.893000
20	0	46	26.0	0.871000	302847	2.041120	1/max_s_mem_cycle	618147	0.893000
20	0	47	27.0	0.871000	302097	2.046187	1/max_s_mem_cycle	618147	0.893000
20	0	48	28.0	0.871000	307647	2.009274	1/max_s_mem_cycle	618147	0.893000
20	0	49	29.0	0.874000	308322	2.004875	1/max_s_mem_cycle	618147	0.893000
20	0	50	30.0	0.874000	305022	2.026565	1/max_s_mem_cycle	618147	0.893000
20	0	51	31.0	0.874000	307497	2.010254	1/max_s_mem_cycle	618147	0.893000
20	0	52	32.0	0.874000	310797	1.988909	1/max_s_mem_cycle	618147	0.893000
20	0	53	33.0	0.874000	313722	1.970365	1/max_s_mem_cycle	618147	0.893000
20	0	54	34.0	0.874000	316947	1.950317	1/max_s_mem_cycle	618147	0.893000
20	0	55	35.0	0.875000	314547	1.965198	1/max_s_mem_cycle	618147	0.893000
20	0	56	36.0	0.876000	316197	1.954943	1/max_s_mem_cycle	618147	0.893000
20	0	57	37.0	0.876000	318222	1.942502	1/max_s_mem_cycle	618147	0.893000
20	0	58	38.0	0.876000	321372	1.923463	1/max_s_mem_cycle	618147	0.893000
20	0	59	39.0	0.877000	321447	1.923014	1/max_s_mem_cycle	618147	0.893000
20	0	60	40.0	0.877000	320022	1.931577	1/max_s_mem_cycle	618147	0.893000
20	0	61	41.0	0.878000	320922	1.926160	1/max_s_mem_cycle	618147	0.893000
20	0	62	42.0	0.878000	324222	1.906555	1/max_s_mem_cycle	618147	0.893000
20	0	63	43.0	0.879000	324072	1.907437	1/max_s_mem_cycle	618147	0.893000
20	0	64	44.0	0.880000	323772	1.909205	1/max_s_mem_cycle	618147	0.893000
20	0	65	45.0	0.880000	329772	1.874468	1/max_s_mem_cycle	618147	0.893000
20	0	66	46.0	0.880000	329472	1.876175	1/max_s_mem_cycle	618147	0.893000
20	0	67	47.0	0.880000	334422	1.848404	1/max_s_mem_cycle	618147	0.893000
20	0	68	48.0	0.880000	335172	1.844268	1/max_s_mem_cycle	618147	0.893000
20	0	69	49.0	0.880000	336597	1.836460	1/max_s_mem_cycle	618147	0.893000
20	0	70	50.0	0.880000	338097	1.828313	1/max_s_mem_cycle	618147	0.893000
20	0	71	51.0	0.882000	336222	1.838508	1/max_s_mem_cycle	618147	0.893000
20	0	72	52.0	0.882000	340572	1.815026	1/max_s_mem_cycle	618147	0.893000
20	0	73	53.0	0.882000	339222	1.822249	1/max_s_mem_cycle	618147	0.893000
20	0	74	54.0	0.883000	340872	1.813429	1/max_s_mem_cycle	618147	0.893000
20	0	75	55.0	0.883000	343197	1.801143	1/max_s_mem_cycle	618147	0.893000
20	0	76	56.0	0.883000	345072	1.791357	1/max_s_mem_cycle	618147	0.893000
20	0	77	57.0	0.883000	346872	1.782061	1/max_s_mem_cycle	618147	0.893000
20	0	78	58.0	0.884000	348897	1.771718	1/max_s_mem_cycle	618147	0.893000
20	0	79	59.0	0.884000	347997	1.776300	1/max_s_mem_cycle	618147	0.893000
20	0	80	60.0	0.884000	346647	1.783218	1/max_s_mem_cycle	618147	0.893000
20	0	81	61.0	0.884000	350097	1.765645	1/max_s_mem_cycle	618147	0.893000
20	0	82	62.0	0.884000	351072	1.760741	1/max_s_mem_cycle	618147	0.893000
20	0	83	63.0	0.884000	353472	1.748786	1/max_s_mem_cycle	618147	0.893000
20	0	84	64.0	0.884000	354747	1.742501	1/max_s_mem_cycle	618147	0.893000
20	0	85	65.0	0.884000	357372	1.729702	1/max_s_mem_cycle	618147	0.893000
20	0	86	66.0	0.884000	357522	1.728976	1/max_s_mem_cycle	618147	0.893000
20	0	87	67.0	0.884000	356097	1.735895	1/max_s_mem_cycle	618147	0.893000
20	0	88	68.0	0.884000	356022	1.736261	1/max_s_mem_cycle	618147	0.893000
20	0	89	69.0	0.884000	357672	1.728251	1/max_s_mem_cycle	618147	0.893000
20	0	90	70.0	0.884000	361347	1.710674	1/max_s_mem_cycle	618147	0.893000
20	0	91	71.0	0.884000	362472	1.705365	1/max_s_mem_cycle	618147	0.893000
20	0	92	72.0	0.884000	366222	1.687902	1/max_s_mem_cycle	618147	0.893000
20	0	93	73.0	0.884000	364422	1.696240	1/max_s_mem_cycle	618147	0.893000
20	0	94	74.0	0.884000	367497	1.682046	1/max_s_mem_cycle	618147	0.893000
20	0	95	75.0	0.884000	367497	1.682046	1/max_s_mem_cycle	618147	0.893000
20	0	96	76.0	0.884000	365397	1.691713	1/max_s_mem_cycle	618147	0.893000
20	0	97	77.0	0.884000	368472	1.677596	1/max_s_mem_cycle	618147	0.893000
20	0	98	78.0	0.884000	368397	1.677937	1/max_s_mem_cycle	618147	0.893000
20	0	99	79.0	0.884000	370122	1.670117	1/max_s_mem_cycle	618147	0.893000
20	0	100	80.0	0.884000	371697	1.663040	1/max_s_mem_cycle	618147	0.893000
30	1	20	104.0	0.750000	272922	2.264922	1/max_s_mem_cycle	618147	0.924000
30	1	21	105.0	0.762000	279072	2.215009	1/max_s_mem_cycle	618147	0.924000
30	1	22	106.0	0.769000	290322	2.129177	1/max_s_mem_cycle	618147	0.924000
30	1	23	107.0	0.783000	300522	2.056911	1/max_s_mem_cycle	618147	0.924000
30	1	24	108.0	0.778000	306522	2.016648	1/max_s_mem_cycle	618147	0.924000
30	1	25	109.0	0.779000	310797	1.988909	1/max_s_mem_cycle	618147	0.924000
30	1	26	110.0	0.787000	317772	1.945253	1/max_s_mem_cycle	618147	0.924000
30	1	27	111.0	0.805000	322122	1.918984	1/max_s_mem_cycle	618147	0.924000
30	1	28	112.0	0.809000	328272	1.883033	1/max_s_mem_cycle	618147	0.924000
30	1	29	113.0	0.818000	330897	1.868095	1/max_s_mem_cycle	618147	0.924000
30	1	30	114.0	0.826000	338322	1.827097	1/max_s_mem_cycle	618147	0.924000
30	1	31	115.0	0.824000	342297	1.805879	1/max_s_mem_cycle	618147	0.924000
30	1	32	116.0	0.828000	348072	1.775917	1/max_s_mem_cycle	618147	0.924000
30	1	33	117.0	0.834000	354597	1.743238	1/max_s_mem_cycle	618147	0.924000
30	1	34	118.0	0.842000	356922	1.731883	1/max_s_mem_cycle	618147	0.924000
30	1	35	119.0	0.845000	362397	1.705718	1/max_s_mem_cycle	618147	0.924000
30	1	36	120.0	0.846000	363522	1.700439	1/max_s_mem_cycle	618147	0.924000
30	1	37	121.0	0.850000	368922	1.675549	1/max_s_mem_cycle	618147	0.924000
30	1	38	122.0	0.859000	371697	1.663040	1/max_s_mem_cycle	618147	0.924000
30	1	39	123.0	0.862000	376272	1.642820	1/max_s_mem_cycle	618147	0.924000
30	1	40	124.0	0.868000	377472	1.637597	1/max_s_mem_cycle	618147	0.924000
30	1	41	125.0	0.869000	380697	1.623724	1/max_s_mem_cycle	618147	0.924000
30	1	42	126.0	0.869000	384072	1.609456	1/max_s_mem_cycle	618147	0.924000
30	1	43	127.0	0.875000	389622	1.586530	1/max_s_mem_cycle	618147	0.924000
30	1	44	128.0	0.879000	389097	1.588671	1/max_s_mem_cycle	618147	0.924000
30	1	45	129.0	0.885000	394272	1.567819	1/max_s_mem_cycle	618147	0.924000
30	1	46	130.0	0.886000	393897	1.569311	1/max_s_mem_cycle	618147	0.924000
30	1	47	131.0	0.887000	396747	1.558038	1/max_s_mem_cycle	618147	0.924000
30	1	48	132.0	0.888000	402372	1.536257	1/max_s_mem_cycle	618147	0.924000
30	1	49	133.0	0.889000	405222	1.525453	1/max_s_mem_cycle	618147	0.924000
30	1	50	134.0	0.890000	408597	1.512853	1/max_s_mem_cycle	618147	0.924000
30	1	51	135.0	0.891000	409047	1.511188	1/max_s_mem_cycle	618147	0.924000
30	1	52	136.0	0.891000	411822	1.501005	1/max_s_mem_cycle	618147	0.924000
30	1	53	137.0	0.890000	409947	1.507871	1/max_s_mem_cycle	618147	0.924000
30	1	54	138.0	0.895000	415947	1.486120	1/max_s_mem_cycle	618147	0.924000
30	1	55	139.0	0.896000	417672	1.479982	1/max_s_mem_cycle	618147	0.924000
30	1	56	140.0	0.898000	418797	1.476006	1/max_s_mem_cycle	618147	0.924000
30	1	57	141.0	0.898000	420147	1.471264	1/max_s_mem_cycle	618147	0.924000
30	1	58	142.0	0.898000	421647	1.466030	1/max_s_mem_cycle	618147	0.924000
30	1	59	143.0	0.900000	425622	1.452338	1/max_s_mem_cycle	618147	0.924000
30	1	60	144.0	0.901000	422622	1.462647	1/max_s_mem_cycle	618147	0.924000
30	1	61	145.0	0.901000	428097	1.443941	1/max_s_mem_cycle	618147	0.924000
30	1	62	146.0	0.902000	429372	1.439654	1/max_s_mem_cycle	618147	0.924000
30	1	63	147.0	0.902000	431997	1.430906	1/max_s_mem_cycle	618147	0.924000
30	1	64	148.0	0.901000	433797	1.424968	1/max_s_mem_cycle	618147	0.924000
30	1	65	149.0	0.901000	436722	1.415424	1/max_s_mem_cycle	618147	0.924000
30	1	66	150.0	0.901000	441072	1.401465	1/max_s_mem_cycle	618147	0.924000
30	1	67	151.0	0.901000	441372	1.400512	1/max_s_mem_cycle	618147	0.924000
30	1	68	152.0	0.902000	444222	1.391527	1/max_s_mem_cycle	618147	0.924000
30	1	69	153.0	0.902000	441147	1.401227	1/max_s_mem_cycle	618147	0.924000
30	1	70	154.0	0.902000	445647	1.387078	1/max_s_mem_cycle	618147	0.924000
30	1	71	155.0	0.903000	444822	1.389650	1/max_s_mem_cycle	618147	0.924000
30	1	72	156.0	0.904000	450372	1.372525	1/max_s_mem_cycle	618147	0.924000
30	1	73	157.0	0.905000	448497	1.378263	1/max_s_mem_cycle	618147	0.924000
30	1	74	158.0	0.905000	453372	1.363443	1/max_s_mem_cycle	618147	0.924000
30	1	75	159.0	0.905000	451047	1.370471	1/max_s_mem_cycle	618147	0.924000
30	1	76	160.0	0.905000	455022	1.358499	1/max_s_mem_cycle	618147	0.924000
30	1	77	161.0	0.905000	457872	1.350043	1/max_s_mem_cycle	618147	0.924000
30	1	78	162.0	0.905000	459672	1.344757	1/max_s_mem_cycle	618147	0.924000
30	1	79	163.0	0.906000	461172	1.340383	1/max_s_mem_cycle	618147	0.924000
30	1	80	164.0	0.907000	465297	1.328500	1/max_s_mem_cycle	618147	0.924000
30	1	81	165.0	0.908000	465147	1.328928	1/max_s_mem_cycle	618147	0.924000
30	1	82	166.0	0.908000	466572	1.324869	1/max_s_mem_cycle	618147	0.924000
30	1	83	167.0	0.908000	467022	1.323593	1/max_s_mem_cycle	618147	0.924000
30	1	84	168.0	0.908000	467397	1.322531	1/max_s_mem_cycle	618147	0.924000
30	1	85	169.0	0.908000	467622	1.321895	1/max_s_mem_cycle	618147	0.924000
30	1	86	170.0	0.918000	470922	1.312631	1/max_s_mem_cycle	618147	0.924000
30	1	87	171.0	0.918000	468897	1.318300	1/max_s_mem_cycle	618147	0.924000
30	1	88	172.0	0.918000	476997	1.295914	1/max_s_mem_cycle	618147	0.924000
30	1	89	173.0	0.919000	481647	1.283403	1/max_s_mem_cycle	618147	0.924000
30	1	90	174.0	0.920000	473922	1.304322	1/max_s_mem_cycle	618147	0.924000
30	1	91	175.0	0.920000	478272	1.292459	1/max_s_mem_cycle	618147	0.924000
30	1	92	176.0	0.920000	481947	1.282604	1/max_s_mem_cycle	618147	0.924000
30	1	93	177.0	0.920000	484272	1.276446	1/max_s_mem_cycle	618147	0.924000
30	1	94	178.0	0.920000	486672	1.270151	1/max_s_mem_cycle	618147	0.924000
30	1	95	179.0	0.920000	486597	1.270347	1/max_s_mem_cycle	618147	0.924000
30	1	96	180.0	0.920000	486297	1.271131	1/max_s_mem_cycle	618147	0.924000
30	1	97	181.0	0.920000	487197	1.268782	1/max_s_mem_cycle	618147	0.924000
30	1	98	182.0	0.921000	488097	1.266443	1/max_s_mem_cycle	618147	0.924000
30	1	99	183.0	0.922000	493947	1.251444	1/max_s_mem_cycle	618147	0.924000
30	1	100	184.0	0.922000	492672	1.254683	1/max_s_mem_cycle	618147	0.924000
40	2	20	208.0	0.754000	287322	2.151409	1/max_s_mem_cycle	618147	0.929000
40	2	21	209.0	0.758000	299322	2.065157	1/max_s_mem_cycle	618147	0.929000
40	2	22	210.0	0.756000	310647	1.989870	1/max_s_mem_cycle	618147	0.929000
40	2	23	211.0	0.766000	319497	1.934751	1/max_s_mem_cycle	618147	0.929000
40	2	24	212.0	0.771000	333747	1.852142	1/max_s_mem_cycle	618147	0.929000
40	2	25	213.0	0.784000	341022	1.812631	1/max_s_mem_cycle	618147	0.929000
40	2	26	214.0	0.778000	345747	1.787859	1/max_s_mem_cycle	618147	0.929000
40	2	27	215.0	0.789000	359922	1.717447	1/max_s_mem_cycle	618147	0.929000
40	2	28	216.0	0.806000	364497	1.695891	1/max_s_mem_cycle	618147	0.929000
40	2	29	217.0	0.812000	376572	1.641511	1/max_s_mem_cycle	618147	0.929000
40	2	30	218.0	0.821000	382722	1.615133	1/max_s_mem_cycle	618147	0.929000
40	2	31	219.0	0.824000	395847	1.561581	1/max_s_mem_cycle	618147	0.929000
40	2	32	220.0	0.836000	403947	1.530268	1/max_s_mem_cycle	618147	0.929000
40	2	33	221.0	0.841000	413847	1.493661	1/max_s_mem_cycle	618147	0.929000
40	2	34	222.0	0.844000	419547	1.473368	1/max_s_mem_cycle	618147	0.929000
40	2	35	223.0	0.848000	422247	1.463946	1/max_s_mem_cycle	618147	0.929000
40	2	36	224.0	0.840000	428472	1.442678	1/max_s_mem_cycle	618147	0.929000
40	2	37	225.0	0.846000	432897	1.427931	1/max_s_mem_cycle	618147	0.929000
40	2	38	226.0	0.853000	440022	1.404809	1/max_s_mem_cycle	618147	0.929000
40	2	39	227.0	0.855000	448272	1.378955	1/max_s_mem_cycle	618147	0.929000
40	2	40	228.0	0.862000	450447	1.372297	1/max_s_mem_cycle	618147	0.929000
40	2	41	229.0	0.860000	455997	1.355594	1/max_s_mem_cycle	618147	0.929000
40	2	42	230.0	0.860000	458922	1.346954	1/max_s_mem_cycle	618147	0.929000
40	2	43	231.0	0.861000	462822	1.335604	1/max_s_mem_cycle	618147	0.929000
40	2	44	232.0	0.868000	465809	1.327040	1/max_s_mem_cycle	618147	0.929000
40	2	45	233.0	0.870000	475422	1.300207	1/max_s_mem_cycle	618147	0.929000
40	2	46	234.0	0.870000	479397	1.289426	1/max_s_mem_cycle	618147	0.929000
40	2	47	235.0	0.877000	484497	1.275853	1/max_s_mem_cycle	618147	0.929000
40	2	48	236.0	0.878000	488247	1.266054	1/max_s_mem_cycle	618147	0.929000
40	2	49	237.0	0.879000	496572	1.244829	1/max_s_mem_cycle	618147	0.929000
40	2	50	238.0	0.883000	500697	1.234573	1/max_s_mem_cycle	618147	0.929000
40	2	51	239.0	0.886000	505497	1.222850	1/max_s_mem_cycle	618147	0.929000
40	2	52	240.0	0.888000	510372	1.211169	1/max_s_mem_cycle	618147	0.929000
40	2	53	241.0	0.887000	509622	1.212952	1/max_s_mem_cycle	618147	0.929000
40	2	54	242.0	0.888000	512172	1.206913	1/max_s_mem_cycle	618147	0.929000
40	2	55	243.0	0.893000	514272	1.201985	1/max_s_mem_cycle	618147	0.929000
40	2	56	244.0	0.892000	517497	1.194494	1/max_s_mem_cycle	618147	0.929000
40	2	57	245.0	0.892000	526047	1.175079	1/max_s_mem_cycle	618147	0.929000
40	2	58	246.0	0.895000	528222	1.170241	1/max_s_mem_cycle	618147	0.929000
40	2	59	247.0	0.897000	525297	1.176757	1/max_s_mem_cycle	618147	0.929000
40	2	60	248.0	0.898000	532722	1.160356	1/max_s_mem_cycle	618147	0.929000
40	2	61	249.0	0.900000	539172	1.146475	1/max_s_mem_cycle	618147	0.929000
40	2	62	250.0	0.900000	543672	1.136985	1/max_s_mem_cycle	618147	0.929000
40	2	63	251.0	0.900000	541422	1.141710	1/max_s_mem_cycle	618147	0.929000
40	2	64	252.0	0.901000	539172	1.146475	1/max_s_mem_cycle	618147	0.929000
40	2	65	253.0	0.904000	544197	1.135888	1/max_s_mem_cycle	618147	0.929000
40	2	66	254.0	0.905000	549522	1.124881	1/max_s_mem_cycle	618147	0.929000
40	2	67	255.0	0.908000	550197	1.123501	1/max_s_mem_cycle	618147	0.929000
40	2	68	256.0	0.909000	553947	1.115896	1/max_s_mem_cycle	618147	0.929000
40	2	69	257.0	0.911000	557097	1.109586	1/max_s_mem_cycle	618147	0.929000
40	2	70	258.0	0.911000	554622	1.114537	1/max_s_mem_cycle	618147	0.929000
40	2	71	259.0	0.912000	558897	1.106012	1/max_s_mem_cycle	618147	0.929000
40	2	72	260.0	0.912000	565647	1.092814	1/max_s_mem_cycle	618147	0.929000
40	2	73	261.0	0.912000	564447	1.095137	1/max_s_mem_cycle	618147	0.929000
40	2	74	262.0	0.913000	564747	1.094556	1/max_s_mem_cycle	618147	0.929000
40	2	75	263.0	0.913000	567522	1.089204	1/max_s_mem_cycle	618147	0.929000
40	2	76	264.0	0.913000	571722	1.081202	1/max_s_mem_cycle	618147	0.929000
40	2	77	265.0	0.914000	574722	1.075558	1/max_s_mem_cycle	618147	0.929000
40	2	78	266.0	0.915000	576522	1.072200	1/max_s_mem_cycle	618147	0.929000
40	2	79	267.0	0.915000	576972	1.071364	1/max_s_mem_cycle	618147	0.929000
40	2	80	268.0	0.916000	578247	1.069002	1/max_s_mem_cycle	618147	0.929000
40	2	81	269.0	0.916000	581997	1.062114	1/max_s_mem_cycle	618147	0.929000
40	2	82	270.0	0.916000	582597	1.061020	1/max_s_mem_cycle	618147	0.929000
40	2	83	271.0	0.916000	583272	1.059792	1/max_s_mem_cycle	618147	0.929000
40	2	84	272.0	0.916000	588522	1.050338	1/max_s_mem_cycle	618147	0.929000
40	2	85	273.0	0.916000	587622	1.051947	1/max_s_mem_cycle	618147	0.929000
40	2	86	274.0	0.916000	592872	1.042631	1/max_s_mem_cycle	618147	0.929000
40	2	87	275.0	0.916000	590622	1.046603	1/max_s_mem_cycle	618147	0.929000
40	2	88	276.0	0.916000	594072	1.040525	1/max_s_mem_cycle	618147	0.929000
40	2	89	277.0	0.916000	594147	1.040394	1/max_s_mem_cycle	618147	0.929000
40	2	90	278.0	0.916000	600597	1.029221	1/max_s_mem_cycle	618147	0.929000
40	2	91	279.0	0.916000	600897	1.028707	1/max_s_mem_cycle	618147	0.929000
40	2	92	280.0	0.916000	600972	1.028579	1/max_s_mem_cycle	618147	0.929000
40	2	93	281.0	0.917000	605922	1.020176	1/max_s_mem_cycle	618147	0.929000
40	2	94	282.0	0.917000	602922	1.025252	1/max_s_mem_cycle	618147	0.929000
40	2	95	283.0	0.917000	602772	1.025507	1/max_s_mem_cycle	618147	0.929000
40	2	96	284.0	0.917000	606972	1.018411	1/max_s_mem_cycle	618147	0.929000
40	2	97	285.0	0.918000	610872	1.011909	1/max_s_mem_cycle	618147	0.929000
40	2	98	286.0	0.918000	612147	1.009802	1/max_s_mem_cycle	618147	0.929000
40	2	99	287.0	0.918000	613047	1.008319	1/max_s_mem_cycle	618147	0.929000
40	2	100	288.0	0.918000	618147	1.000000	1/max_s_mem_cycle	618147	0.929000
