dataset,dataset_label,recall_tag,recall_label,method,method_label,recall_raw,recall_2dp,qps,cycle,ef,lbq,data_status,config_ref
t2i1b,T2I1B,r10,Recall@10,cpu,CPU,0.476000,0.48,180445.815000,,,,external_frozen_plot_input,
t2i1b,T2I1B,r10,Recall@10,cpu,CPU,0.534000,0.53,150738.260000,,,,external_frozen_plot_input,
t2i1b,T2I1B,r10,Recall@10,cpu,CPU,0.617000,0.62,111120.837000,,,,external_frozen_plot_input,
t2i1b,T2I1B,r10,Recall@10,cpu,CPU,0.695000,0.70,68231.706000,,,,external_frozen_plot_input,
t2i1b,T2I1B,r10,Recall@10,cpu,CPU,0.762000,0.76,53486.858000,,,,external_frozen_plot_input,
t2i1b,T2I1B,r10,Recall@10,cpu,CPU,0.839000,0.84,29288.731000,,,,external_frozen_plot_input,
t2i1b,T2I1B,r10,Recall@10,cpu,CPU,0.912000,0.91,9429.605000,,,,external_frozen_plot_input,
t2i1b,T2I1B,r10,Recall@10,cpu,CPU,0.961000,0.96,3226.967000,,,,external_frozen_plot_input,
t2i1b,T2I1B,r10,Recall@10,bang,BANG,0.450000,0.45,121559.650000,,,,external_frozen_plot_input,
t2i1b,T2I1B,r10,Recall@10,bang,BANG,0.510000,0.51,96965.360000,,,,external_frozen_plot_input,
t2i1b,T2I1B,r10,Recall@10,bang,BANG,0.553000,0.55,88290.880000,,,,external_frozen_plot_input,
t2i1b,T2I1B,r10,Recall@10,bang,BANG,0.614908,0.61,68841.230000,,,,external_frozen_plot_input,
t2i1b,T2I1B,r10,Recall@10,bang,BANG,0.658603,0.66,60327.710000,,,,external_frozen_plot_input,
t2i1b,T2I1B,r10,Recall@10,bang,BANG,0.706501,0.71,46720.010000,,,,external_frozen_plot_input,
t2i1b,T2I1B,r10,Recall@10,bang,BANG,0.750698,0.75,36759.140000,,,,external_frozen_plot_input,
t2i1b,T2I1B,r10,Recall@10,bang,BANG,0.798095,0.80,26772.240000,,,,external_frozen_plot_input,
t2i1b,T2I1B,r10,Recall@10,bang,BANG,0.824199,0.82,21122.270000,,,,external_frozen_plot_input,
t2i1b,T2I1B,r10,Recall@10,bang,BANG,0.837607,0.84,18805.530000,,,,external_frozen_plot_input,
t2i1b,T2I1B,r10,Recall@10,bang,BANG,0.854800,0.85,16312.980000,,,,external_frozen_plot_input,
t2i1b,T2I1B,r10,Recall@10,bang,BANG,0.861797,0.86,15254.960000,,,,external_frozen_plot_input,
t2i1b,T2I1B,r10,Recall@10,ansmet,ANSMET,0.448000,0.45,630795.433041,380472,10,,verified_original_yaml_stats,ae/figure18/configs/t2i1b/r10/ansmet/ansmet_ef0010_queue0100.yaml
t2i1b,T2I1B,r10,Recall@10,ansmet,ANSMET,0.530000,0.53,441930.351777,543072,15,,verified_original_yaml_stats,ae/figure18/configs/t2i1b/r10/ansmet/ansmet_ef0015_queue0100.yaml
t2i1b,T2I1B,r10,Recall@10,ansmet,ANSMET,0.667000,0.67,220522.970224,1088322,30,,verified_original_yaml_stats,ae/figure18/configs/t2i1b/r10/ansmet/ansmet_ef0030_queue0100.yaml
t2i1b,T2I1B,r10,Recall@10,ansmet,ANSMET,0.709000,0.71,164524.759948,1458747,40,,verified_original_yaml_stats,ae/figure18/configs/t2i1b/r10/ansmet/ansmet_ef0040_queue0100.yaml
t2i1b,T2I1B,r10,Recall@10,ansmet,ANSMET,0.751000,0.75,126542.433632,1896597,50,,verified_original_yaml_stats,ae/figure18/configs/t2i1b/r10/ansmet/ansmet_ef0050_queue0100.yaml
t2i1b,T2I1B,r10,Recall@10,ansmet,ANSMET,0.770000,0.77,98534.423617,2435697,60,,verified_original_yaml_stats,ae/figure18/configs/t2i1b/r10/ansmet/ansmet_ef0060_queue0033.yaml
t2i1b,T2I1B,r10,Recall@10,ansmet,ANSMET,0.810000,0.81,53077.711077,4521672,100,,verified_original_yaml_stats,ae/figure18/configs/t2i1b/r10/ansmet/ansmet_ef0100_queue0033.yaml
t2i1b,T2I1B,r10,Recall@10,ansmet,ANSMET,0.840000,0.84,41711.223813,5753847,120,,verified_original_yaml_stats,ae/figure18/configs/t2i1b/r10/ansmet/ansmet_ef0120_queue0033.yaml
t2i1b,T2I1B,r10,Recall@10,ansmet,ANSMET,0.875000,0.88,38517.110504,6230997,130,,verified_original_yaml_stats,ae/figure18/configs/t2i1b/r10/ansmet/ansmet_ef0130_queue0100.yaml
t2i1b,T2I1B,r10,Recall@10,ansmet,ANSMET,0.880000,0.88,32026.274355,7493847,150,,verified_original_yaml_stats,ae/figure18/configs/t2i1b/r10/ansmet/ansmet_ef0150_queue0100.yaml
t2i1b,T2I1B,r10,Recall@10,ansmet,ANSMET,0.910000,0.91,22004.021785,10907097,200,,verified_original_yaml_stats,ae/figure18/configs/t2i1b/r10/ansmet/ansmet_ef0200_queue0100.yaml
t2i1b,T2I1B,r10,Recall@10,ansmet,ANSMET,0.930000,0.93,13307.884223,18034422,300,,verified_original_yaml_stats,ae/figure18/configs/t2i1b/r10/ansmet/ansmet_ef0300_queue0033.yaml
t2i1b,T2I1B,r10,Recall@10,ansmet,ANSMET,0.950000,0.95,7277.524485,32978247,500,,verified_original_yaml_stats,ae/figure18/configs/t2i1b/r10/ansmet/ansmet_ef0500_queue0100.yaml
t2i1b,T2I1B,r10,Recall@10,ansmet,ANSMET,0.960000,0.96,5923.622734,40515747,600,,verified_original_yaml_stats,ae/figure18/configs/t2i1b/r10/ansmet/ansmet_ef0600_queue0033.yaml
t2i1b,T2I1B,r10,Recall@10,mfnns,MFNNS,0.448000,0.45,808906.055673,296697,10,50,reconstructed_from_same_panel_template,ae/figure18/configs/t2i1b/r10/mfnns/mfnns_ef0010_lbq0050.yaml
t2i1b,T2I1B,r10,Recall@10,mfnns,MFNNS,0.492000,0.49,590628.206927,406347,15,60,reconstructed_from_same_panel_template,ae/figure18/configs/t2i1b/r10/mfnns/mfnns_ef0015_lbq0060.yaml
t2i1b,T2I1B,r10,Recall@10,mfnns,MFNNS,0.510000,0.51,512577.367146,468222,15,100,reconstructed_from_same_panel_template,ae/figure18/configs/t2i1b/r10/mfnns/mfnns_ef0015_lbq0100.yaml
t2i1b,T2I1B,r10,Recall@10,mfnns,MFNNS,0.650000,0.65,282561.704412,849372,30,120,verified_original_yaml_stats,ae/figure18/configs/t2i1b/r10/mfnns/mfnns_ef0030_lbq0120.yaml
t2i1b,T2I1B,r10,Recall@10,mfnns,MFNNS,0.702000,0.70,195946.839622,1224822,40,200,verified_original_yaml_stats,ae/figure18/configs/t2i1b/r10/mfnns/mfnns_ef0040_lbq0200.yaml
t2i1b,T2I1B,r10,Recall@10,mfnns,MFNNS,0.750000,0.75,143762.332113,1669422,50,300,reconstructed_from_same_panel_template,ae/figure18/configs/t2i1b/r10/mfnns/mfnns_ef0050_lbq0300.yaml
t2i1b,T2I1B,r10,Recall@10,mfnns,MFNNS,0.800000,0.80,115369.528600,2080272,60,400,verified_original_yaml_stats,ae/figure18/configs/t2i1b/r10/mfnns/mfnns_ef0060_lbq0400.yaml
t2i1b,T2I1B,r10,Recall@10,mfnns,MFNNS,0.832000,0.83,61663.274330,3892106,100,650,reconstructed_from_same_panel_template,ae/figure18/configs/t2i1b/r10/mfnns/mfnns_ef0100_lbq0650.yaml
t2i1b,T2I1B,r10,Recall@10,mfnns,MFNNS,0.860000,0.86,48210.225509,4978197,120,800,reconstructed_from_same_panel_template,ae/figure18/configs/t2i1b/r10/mfnns/mfnns_ef0120_lbq0800.yaml
t2i1b,T2I1B,r10,Recall@10,mfnns,MFNNS,0.890000,0.89,38382.669457,6252822,150,800,reconstructed_from_same_panel_template,ae/figure18/configs/t2i1b/r10/mfnns/mfnns_ef0150_lbq0800.yaml
t2i1b,T2I1B,r10,Recall@10,mfnns,MFNNS,0.904000,0.90,27071.163999,8865522,200,1000,reconstructed_from_same_panel_template,ae/figure18/configs/t2i1b/r10/mfnns/mfnns_ef0200_lbq1000.yaml
t2i1b,T2I1B,r10,Recall@10,mfnns,MFNNS,0.930000,0.93,20531.514720,11689347,250,1200,reconstructed_from_same_panel_template,ae/figure18/configs/t2i1b/r10/mfnns/mfnns_ef0250_lbq1200.yaml
t2i1b,T2I1B,r10,Recall@10,mfnns,MFNNS,0.944000,0.94,16558.607951,14493972,300,1500,reconstructed_from_same_panel_template,ae/figure18/configs/t2i1b/r10/mfnns/mfnns_ef0300_lbq1500.yaml
t2i1b,T2I1B,r10,Recall@10,mfnns,MFNNS,0.950000,0.95,11601.770952,20686497,400,2200,reconstructed_from_same_panel_template,ae/figure18/configs/t2i1b/r10/mfnns/mfnns_ef0400_lbq2200.yaml
t2i1b,T2I1B,r10,Recall@10,mfnns,MFNNS,0.960000,0.96,8954.331120,26802672,500,2800,reconstructed_from_same_panel_template,ae/figure18/configs/t2i1b/r10/mfnns/mfnns_ef0500_lbq2800.yaml
deep1b,DEEP1B,r10,Recall@10,cpu,CPU,0.502000,0.50,482892.108000,,,,external_frozen_plot_input,
deep1b,DEEP1B,r10,Recall@10,cpu,CPU,0.526000,0.53,474070.474000,,,,external_frozen_plot_input,
deep1b,DEEP1B,r10,Recall@10,cpu,CPU,0.606000,0.61,430342.525000,,,,external_frozen_plot_input,
deep1b,DEEP1B,r10,Recall@10,cpu,CPU,0.738000,0.74,273038.334000,,,,external_frozen_plot_input,
deep1b,DEEP1B,r10,Recall@10,cpu,CPU,0.855000,0.86,134806.086000,,,,external_frozen_plot_input,
deep1b,DEEP1B,r10,Recall@10,cpu,CPU,0.913000,0.91,65158.870000,,,,external_frozen_plot_input,
deep1b,DEEP1B,r10,Recall@10,cpu,CPU,0.940000,0.94,47588.567000,,,,external_frozen_plot_input,
deep1b,DEEP1B,r10,Recall@10,cpu,CPU,0.971000,0.97,29317.449000,,,,external_frozen_plot_input,
deep1b,DEEP1B,r10,Recall@10,bang,BANG,0.464300,0.46,263158.000000,,10,,external_frozen_plot_input,
deep1b,DEEP1B,r10,Recall@10,bang,BANG,0.565800,0.57,200000.000000,,15,,external_frozen_plot_input,
deep1b,DEEP1B,r10,Recall@10,bang,BANG,0.633100,0.63,188679.250000,,20,,external_frozen_plot_input,
deep1b,DEEP1B,r10,Recall@10,bang,BANG,0.718400,0.72,153846.150000,,30,,external_frozen_plot_input,
deep1b,DEEP1B,r10,Recall@10,bang,BANG,0.769100,0.77,116279.070000,,40,,external_frozen_plot_input,
deep1b,DEEP1B,r10,Recall@10,bang,BANG,0.834200,0.83,89285.710000,,60,,external_frozen_plot_input,
deep1b,DEEP1B,r10,Recall@10,bang,BANG,0.870600,0.87,82644.630000,,80,,external_frozen_plot_input,
deep1b,DEEP1B,r10,Recall@10,bang,BANG,0.932700,0.93,45045.050000,,160,,external_frozen_plot_input,
deep1b,DEEP1B,r10,Recall@10,bang,BANG,0.966800,0.97,24752.480000,,320,,external_frozen_plot_input,
deep1b,DEEP1B,r10,Recall@10,bang,BANG,0.979500,0.98,15243.900000,,512,,external_frozen_plot_input,
deep1b,DEEP1B,r10,Recall@10,ansmet,ANSMET,0.657000,0.66,1217211.368754,197172,10,,verified_original_yaml_stats,ae/figure18/configs/deep1b/r10/ansmet/ansmet_ef0010_queue0033.yaml
deep1b,DEEP1B,r10,Recall@10,ansmet,ANSMET,0.740000,0.74,976216.915399,245847,14,,verified_original_yaml_stats,ae/figure18/configs/deep1b/r10/ansmet/ansmet_ef0014_queue0033.yaml
deep1b,DEEP1B,r10,Recall@10,ansmet,ANSMET,0.790000,0.79,682745.318927,351522,22,,verified_original_yaml_stats,ae/figure18/configs/deep1b/r10/ansmet/ansmet_ef0022_queue0033.yaml
deep1b,DEEP1B,r10,Recall@10,ansmet,ANSMET,0.840000,0.84,501649.171652,478422,30,,verified_original_yaml_stats,ae/figure18/configs/deep1b/r10/ansmet/ansmet_ef0030_queue0033.yaml
deep1b,DEEP1B,r10,Recall@10,ansmet,ANSMET,0.870000,0.87,367775.509829,652572,40,,verified_original_yaml_stats,ae/figure18/configs/deep1b/r10/ansmet/ansmet_ef0040_queue0033.yaml
deep1b,DEEP1B,r10,Recall@10,ansmet,ANSMET,0.890000,0.89,285002.796590,842097,50,,verified_original_yaml_stats,ae/figure18/configs/deep1b/r10/ansmet/ansmet_ef0050_queue0033.yaml
deep1b,DEEP1B,r10,Recall@10,ansmet,ANSMET,0.910000,0.91,227208.824791,1056297,60,,verified_original_yaml_stats,ae/figure18/configs/deep1b/r10/ansmet/ansmet_ef0060_queue0033.yaml
deep1b,DEEP1B,r10,Recall@10,ansmet,ANSMET,0.940000,0.94,154121.893721,1557209,80,,verified_original_yaml_stats,ae/figure18/configs/deep1b/r10/ansmet/ansmet_ef0080_queue0033.yaml
deep1b,DEEP1B,r10,Recall@10,ansmet,ANSMET,0.960000,0.96,85287.937407,2813997,120,,verified_original_yaml_stats,ae/figure18/configs/deep1b/r10/ansmet/ansmet_ef0120_queue0033.yaml
deep1b,DEEP1B,r10,Recall@10,ansmet,ANSMET,0.970000,0.97,55487.198410,4325322,160,,verified_original_yaml_stats,ae/figure18/configs/deep1b/r10/ansmet/ansmet_ef0160_queue0033.yaml
deep1b,DEEP1B,r10,Recall@10,ansmet,ANSMET,0.978000,0.98,39912.213087,6013197,200,,verified_original_yaml_stats,ae/figure18/configs/deep1b/r10/ansmet/ansmet_ef0200_queue0033.yaml
deep1b,DEEP1B,r10,Recall@10,ansmet,ANSMET,0.981000,0.98,29333.050758,8181897,250,,verified_original_yaml_stats,ae/figure18/configs/deep1b/r10/ansmet/ansmet_ef0250_queue0033.yaml
deep1b,DEEP1B,r10,Recall@10,ansmet,ANSMET,0.983000,0.98,22657.279756,10592622,300,,verified_original_yaml_stats,ae/figure18/configs/deep1b/r10/ansmet/ansmet_ef0300_queue0033.yaml
deep1b,DEEP1B,r10,Recall@10,ansmet,ANSMET,0.987000,0.99,15738.507840,15249222,400,,verified_original_yaml_stats,ae/figure18/configs/deep1b/r10/ansmet/ansmet_ef0400_queue0033.yaml
deep1b,DEEP1B,r10,Recall@10,mfnns,MFNNS,0.642000,0.64,1779794.878640,134847,10,5,verified_original_yaml_stats,ae/figure18/configs/deep1b/r10/mfnns/mfnns_ef0010_lbq0005.yaml
deep1b,DEEP1B,r10,Recall@10,mfnns,MFNNS,0.683000,0.68,1503081.316699,159672,12,6,verified_original_yaml_stats,ae/figure18/configs/deep1b/r10/mfnns/mfnns_ef0012_lbq0006.yaml
deep1b,DEEP1B,r10,Recall@10,mfnns,MFNNS,0.722000,0.72,1310959.622444,183072,14,10,verified_original_yaml_stats,ae/figure18/configs/deep1b/r10/mfnns/mfnns_ef0014_lbq0010.yaml
deep1b,DEEP1B,r10,Recall@10,mfnns,MFNNS,0.750000,0.75,1160277.886554,206847,16,8,verified_original_yaml_stats,ae/figure18/configs/deep1b/r10/mfnns/mfnns_ef0016_lbq0008.yaml
deep1b,DEEP1B,r10,Recall@10,mfnns,MFNNS,0.760000,0.76,1075283.269936,223197,18,10,verified_original_yaml_stats,ae/figure18/configs/deep1b/r10/mfnns/mfnns_ef0018_lbq0010.yaml
deep1b,DEEP1B,r10,Recall@10,mfnns,MFNNS,0.800000,0.80,929162.940336,258297,22,10,verified_original_yaml_stats,ae/figure18/configs/deep1b/r10/mfnns/mfnns_ef0022_lbq0010.yaml
deep1b,DEEP1B,r10,Recall@10,mfnns,MFNNS,0.832000,0.83,677684.690256,354147,30,15,verified_original_yaml_stats,ae/figure18/configs/deep1b/r10/mfnns/mfnns_ef0030_lbq0015.yaml
deep1b,DEEP1B,r10,Recall@10,mfnns,MFNNS,0.860000,0.86,560228.012801,428397,35,20,verified_original_yaml_stats,ae/figure18/configs/deep1b/r10/mfnns/mfnns_ef0035_lbq0020.yaml
deep1b,DEEP1B,r10,Recall@10,mfnns,MFNNS,0.880000,0.88,439080.346215,546597,40,40,reconstructed_from_same_panel_template,ae/figure18/configs/deep1b/r10/mfnns/mfnns_ef0040_lbq0040.yaml
deep1b,DEEP1B,r10,Recall@10,mfnns,MFNNS,0.920000,0.92,273061.773400,878922,60,60,reconstructed_from_same_panel_template,ae/figure18/configs/deep1b/r10/mfnns/mfnns_ef0060_lbq0060.yaml
deep1b,DEEP1B,r10,Recall@10,mfnns,MFNNS,0.930000,0.93,206292.434999,1163397,80,40,verified_original_yaml_stats,ae/figure18/configs/deep1b/r10/mfnns/mfnns_ef0080_lbq0040.yaml
deep1b,DEEP1B,r10,Recall@10,mfnns,MFNNS,0.950000,0.95,118848.830230,2019372,100,120,original_yaml_cycle_mismatch,ae/figure18/configs/deep1b/r10/mfnns/mfnns_ef0100_lbq0120.yaml
deep1b,DEEP1B,r10,Recall@10,mfnns,MFNNS,0.960000,0.96,96478.649878,2487597,120,180,verified_original_yaml_stats,ae/figure18/configs/deep1b/r10/mfnns/mfnns_ef0120_lbq0180.yaml
deep1b,DEEP1B,r10,Recall@10,mfnns,MFNNS,0.973000,0.97,52304.708928,4588497,200,200,verified_original_yaml_stats,ae/figure18/configs/deep1b/r10/mfnns/mfnns_ef0200_lbq0200.yaml
deep1b,DEEP1B,r10,Recall@10,mfnns,MFNNS,0.984000,0.98,35712.308783,6720372,250,350,verified_original_yaml_stats,ae/figure18/configs/deep1b/r10/mfnns/mfnns_ef0250_lbq0350.yaml
deep1b,DEEP1B,r10,Recall@10,mfnns,MFNNS,0.986000,0.99,28306.319669,8478672,300,420,verified_original_yaml_stats,ae/figure18/configs/deep1b/r10/mfnns/mfnns_ef0300_lbq0420.yaml
t2i1b,T2I1B,r100,Recall@100,cpu,CPU,0.501600,0.50,77196.559000,,,,external_frozen_plot_input,
t2i1b,T2I1B,r100,Recall@100,cpu,CPU,0.605300,0.61,73915.648000,,,,external_frozen_plot_input,
t2i1b,T2I1B,r100,Recall@100,cpu,CPU,0.679200,0.68,51243.233000,,,,external_frozen_plot_input,
t2i1b,T2I1B,r100,Recall@100,cpu,CPU,0.785900,0.79,28949.773000,,,,external_frozen_plot_input,
t2i1b,T2I1B,r100,Recall@100,cpu,CPU,0.838300,0.84,18082.588000,,,,external_frozen_plot_input,
t2i1b,T2I1B,r100,Recall@100,cpu,CPU,0.924500,0.92,6279.223000,,,,external_frozen_plot_input,
t2i1b,T2I1B,r100,Recall@100,cpu,CPU,0.955000,0.96,3217.164000,,,,external_frozen_plot_input,
t2i1b,T2I1B,r100,Recall@100,cpu,CPU,0.969700,0.97,1591.392000,,,,external_frozen_plot_input,
t2i1b,T2I1B,r100,Recall@100,bang,BANG,0.591599,0.59,26941.320000,,,,external_frozen_plot_input,
t2i1b,T2I1B,r100,Recall@100,bang,BANG,0.623402,0.62,22514.120000,,,,external_frozen_plot_input,
t2i1b,T2I1B,r100,Recall@100,bang,BANG,0.649914,0.65,21633.250000,,,,external_frozen_plot_input,
t2i1b,T2I1B,r100,Recall@100,bang,BANG,0.672797,0.67,19429.230000,,,,external_frozen_plot_input,
t2i1b,T2I1B,r100,Recall@100,bang,BANG,0.692803,0.69,17517.570000,,,,external_frozen_plot_input,
t2i1b,T2I1B,r100,Recall@100,bang,BANG,0.710300,0.71,16155.360000,,,,external_frozen_plot_input,
t2i1b,T2I1B,r100,Recall@100,bang,BANG,0.730400,0.73,14760.100000,,,,external_frozen_plot_input,
t2i1b,T2I1B,r100,Recall@100,bang,BANG,0.747802,0.75,13467.910000,,,,external_frozen_plot_input,
t2i1b,T2I1B,r100,Recall@100,ansmet,ANSMET,0.617000,0.62,128159.122366,1872672,40,,verified_original_yaml_stats,ae/figure18/configs/t2i1b/r100/ansmet/ansmet_ef0040_queue0100.yaml
t2i1b,T2I1B,r100,Recall@100,ansmet,ANSMET,0.710000,0.71,90559.305591,2650197,60,,verified_original_yaml_stats,ae/figure18/configs/t2i1b/r100/ansmet/ansmet_ef0060_queue0100.yaml
t2i1b,T2I1B,r100,Recall@100,ansmet,ANSMET,0.760000,0.76,68027.268731,3527997,80,,verified_original_yaml_stats,ae/figure18/configs/t2i1b/r100/ansmet/ansmet_ef0080_queue0100.yaml
t2i1b,T2I1B,r100,Recall@100,ansmet,ANSMET,0.800000,0.80,43239.760690,5550447,120,,verified_original_yaml_stats,ae/figure18/configs/t2i1b/r100/ansmet/ansmet_ef0120_queue0100.yaml
t2i1b,T2I1B,r100,Recall@100,ansmet,ANSMET,0.840000,0.84,32026.274355,7493847,150,,verified_original_yaml_stats,ae/figure18/configs/t2i1b/r100/ansmet/ansmet_ef0150_queue0100.yaml
t2i1b,T2I1B,r100,Recall@100,ansmet,ANSMET,0.870000,0.87,25134.911638,9548472,180,,verified_original_yaml_stats,ae/figure18/configs/t2i1b/r100/ansmet/ansmet_ef0180_queue0100.yaml
t2i1b,T2I1B,r100,Recall@100,ansmet,ANSMET,0.890000,0.89,16462.602421,14578497,250,,verified_original_yaml_stats,ae/figure18/configs/t2i1b/r100/ansmet/ansmet_ef0250_queue0100.yaml
t2i1b,T2I1B,r100,Recall@100,ansmet,ANSMET,0.920000,0.92,11123.046758,21576822,350,,verified_original_yaml_stats,ae/figure18/configs/t2i1b/r100/ansmet/ansmet_ef0350_queue0100.yaml
t2i1b,T2I1B,r100,Recall@100,ansmet,ANSMET,0.940000,0.94,7277.524485,32978247,500,,verified_original_yaml_stats,ae/figure18/configs/t2i1b/r100/ansmet/ansmet_ef0500_queue0100.yaml
t2i1b,T2I1B,r100,Recall@100,ansmet,ANSMET,0.958600,0.96,4280.885141,56063172,800,,verified_original_yaml_stats,ae/figure18/configs/t2i1b/r100/ansmet/ansmet_ef0800_queue0100.yaml
t2i1b,T2I1B,r100,Recall@100,ansmet,ANSMET,0.970000,0.97,3355.824489,71517447,1000,,verified_original_yaml_stats,ae/figure18/configs/t2i1b/r100/ansmet/ansmet_ef1000_queue0100.yaml
t2i1b,T2I1B,r100,Recall@100,mfnns,MFNNS,0.594000,0.59,207550.155792,1156347,40,300,reconstructed_from_same_panel_template,ae/figure18/configs/t2i1b/r100/mfnns/mfnns_ef0040_lbq0300.yaml
t2i1b,T2I1B,r100,Recall@100,mfnns,MFNNS,0.710000,0.71,126039.034289,1904172,60,400,verified_original_yaml_stats,ae/figure18/configs/t2i1b/r100/mfnns/mfnns_ef0060_lbq0400.yaml
t2i1b,T2I1B,r100,Recall@100,mfnns,MFNNS,0.750000,0.75,90016.698097,2666172,80,400,verified_original_yaml_stats,ae/figure18/configs/t2i1b/r100/mfnns/mfnns_ef0080_lbq0400.yaml
t2i1b,T2I1B,r100,Recall@100,mfnns,MFNNS,0.790000,0.79,62869.917426,3817406,100,600,verified_original_yaml_stats,ae/figure18/configs/t2i1b/r100/mfnns/mfnns_ef0100_lbq0600.yaml
t2i1b,T2I1B,r100,Recall@100,mfnns,MFNNS,0.820000,0.82,45726.069976,5248647,130,700,reconstructed_from_same_panel_template,ae/figure18/configs/t2i1b/r100/mfnns/mfnns_ef0130_lbq0700.yaml
t2i1b,T2I1B,r100,Recall@100,mfnns,MFNNS,0.840000,0.84,38382.669457,6252822,150,800,verified_original_yaml_stats,ae/figure18/configs/t2i1b/r100/mfnns/mfnns_ef0150_lbq0800.yaml
t2i1b,T2I1B,r100,Recall@100,mfnns,MFNNS,0.860000,0.86,28762.762577,8344122,200,800,verified_original_yaml_stats,ae/figure18/configs/t2i1b/r100/mfnns/mfnns_ef0200_lbq0800.yaml
t2i1b,T2I1B,r100,Recall@100,mfnns,MFNNS,0.880000,0.88,23157.368211,10363872,250,800,verified_original_yaml_stats,ae/figure18/configs/t2i1b/r100/mfnns/mfnns_ef0250_lbq0800.yaml
t2i1b,T2I1B,r100,Recall@100,mfnns,MFNNS,0.900000,0.90,16388.324630,14644572,350,1000,verified_original_yaml_stats,ae/figure18/configs/t2i1b/r100/mfnns/mfnns_ef0350_lbq1000.yaml
t2i1b,T2I1B,r100,Recall@100,mfnns,MFNNS,0.912000,0.91,15560.950883,15423222,300,2000,verified_original_yaml_stats,ae/figure18/configs/t2i1b/r100/mfnns/mfnns_ef0300_lbq2000.yaml
t2i1b,T2I1B,r100,Recall@100,mfnns,MFNNS,0.943000,0.94,9201.670011,26082222,500,2500,verified_original_yaml_stats,ae/figure18/configs/t2i1b/r100/mfnns/mfnns_ef0500_lbq2500.yaml
t2i1b,T2I1B,r100,Recall@100,mfnns,MFNNS,0.950000,0.95,7238.706013,33155097,600,3500,reconstructed_from_same_panel_template,ae/figure18/configs/t2i1b/r100/mfnns/mfnns_ef0600_lbq3500.yaml
t2i1b,T2I1B,r100,Recall@100,mfnns,MFNNS,0.960000,0.96,5341.220892,44933547,800,4300,reconstructed_from_same_panel_template,ae/figure18/configs/t2i1b/r100/mfnns/mfnns_ef0800_lbq4300.yaml
t2i1b,T2I1B,r100,Recall@100,mfnns,MFNNS,0.964000,0.96,4063.213650,59066547,1000,6000,reconstructed_from_same_panel_template,ae/figure18/configs/t2i1b/r100/mfnns/mfnns_ef1000_lbq6000.yaml
deep1b,DEEP1B,r100,Recall@100,cpu,CPU,0.499000,0.50,237035.183000,,,,external_frozen_plot_input,
deep1b,DEEP1B,r100,Recall@100,cpu,CPU,0.569800,0.57,192819.295000,,,,external_frozen_plot_input,
deep1b,DEEP1B,r100,Recall@100,cpu,CPU,0.644300,0.64,143636.523000,,,,external_frozen_plot_input,
deep1b,DEEP1B,r100,Recall@100,cpu,CPU,0.742600,0.74,108243.686000,,,,external_frozen_plot_input,
deep1b,DEEP1B,r100,Recall@100,cpu,CPU,0.806100,0.81,92822.127000,,,,external_frozen_plot_input,
deep1b,DEEP1B,r100,Recall@100,cpu,CPU,0.899800,0.90,46001.645000,,,,external_frozen_plot_input,
deep1b,DEEP1B,r100,Recall@100,cpu,CPU,0.957400,0.96,21021.805000,,,,external_frozen_plot_input,
deep1b,DEEP1B,r100,Recall@100,bang,BANG,0.591800,0.59,71428.570000,,100,,external_frozen_plot_input,
deep1b,DEEP1B,r100,Recall@100,bang,BANG,0.669500,0.67,54347.830000,,130,,external_frozen_plot_input,
deep1b,DEEP1B,r100,Recall@100,bang,BANG,0.726000,0.73,51020.410000,,160,,external_frozen_plot_input,
deep1b,DEEP1B,r100,Recall@100,bang,BANG,0.780600,0.78,36764.710000,,200,,external_frozen_plot_input,
deep1b,DEEP1B,r100,Recall@100,bang,BANG,0.819600,0.82,35460.990000,,240,,external_frozen_plot_input,
deep1b,DEEP1B,r100,Recall@100,bang,BANG,0.848300,0.85,27700.830000,,280,,external_frozen_plot_input,
deep1b,DEEP1B,r100,Recall@100,bang,BANG,0.870500,0.87,23640.660000,,320,,external_frozen_plot_input,
deep1b,DEEP1B,r100,Recall@100,bang,BANG,0.928500,0.93,14367.820000,,512,,external_frozen_plot_input,
deep1b,DEEP1B,r100,Recall@100,ansmet,ANSMET,0.640000,0.64,622694.085963,385422,20,,verified_original_yaml_stats,ae/figure18/configs/deep1b/r100/ansmet/ansmet_ef0020_queue0100.yaml
deep1b,DEEP1B,r100,Recall@100,ansmet,ANSMET,0.728000,0.73,451597.242999,531447,30,,verified_original_yaml_stats,ae/figure18/configs/deep1b/r100/ansmet/ansmet_ef0030_queue0100.yaml
deep1b,DEEP1B,r100,Recall@100,ansmet,ANSMET,0.780000,0.78,340318.367833,705222,40,,verified_original_yaml_stats,ae/figure18/configs/deep1b/r100/ansmet/ansmet_ef0040_queue0100.yaml
deep1b,DEEP1B,r100,Recall@100,ansmet,ANSMET,0.810000,0.81,269202.554732,891522,50,,verified_original_yaml_stats,ae/figure18/configs/deep1b/r100/ansmet/ansmet_ef0050_queue0100.yaml
deep1b,DEEP1B,r100,Recall@100,ansmet,ANSMET,0.850000,0.85,182838.475919,1312634,70,,verified_original_yaml_stats,ae/figure18/configs/deep1b/r100/ansmet/ansmet_ef0070_queue0100.yaml
deep1b,DEEP1B,r100,Recall@100,ansmet,ANSMET,0.890000,0.89,122479.661997,1959509,95,,verified_original_yaml_stats,ae/figure18/configs/deep1b/r100/ansmet/ansmet_ef0095_queue0100.yaml
deep1b,DEEP1B,r100,Recall@100,ansmet,ANSMET,0.920000,0.92,77101.398619,3112784,130,,verified_original_yaml_stats,ae/figure18/configs/deep1b/r100/ansmet/ansmet_ef0130_queue0100.yaml
deep1b,DEEP1B,r100,Recall@100,ansmet,ANSMET,0.940000,0.94,46751.528483,5133522,180,,verified_original_yaml_stats,ae/figure18/configs/deep1b/r100/ansmet/ansmet_ef0180_queue0100.yaml
deep1b,DEEP1B,r100,Recall@100,ansmet,ANSMET,0.950000,0.95,35110.448694,6835572,220,,verified_original_yaml_stats,ae/figure18/configs/deep1b/r100/ansmet/ansmet_ef0220_queue0100.yaml
deep1b,DEEP1B,r100,Recall@100,ansmet,ANSMET,0.960000,0.96,29333.050758,8181897,250,,verified_original_yaml_stats,ae/figure18/configs/deep1b/r100/ansmet/ansmet_ef0250_queue0100.yaml
deep1b,DEEP1B,r100,Recall@100,ansmet,ANSMET,0.970000,0.97,22657.279756,10592622,300,,verified_original_yaml_stats,ae/figure18/configs/deep1b/r100/ansmet/ansmet_ef0300_queue0100.yaml
deep1b,DEEP1B,r100,Recall@100,mfnns,MFNNS,0.632000,0.63,988276.569198,242847,20,10,verified_original_yaml_stats,ae/figure18/configs/deep1b/r100/mfnns/mfnns_ef0020_lbq0010.yaml
deep1b,DEEP1B,r100,Recall@100,mfnns,MFNNS,0.720000,0.72,663630.556869,361647,30,15,verified_original_yaml_stats,ae/figure18/configs/deep1b/r100/mfnns/mfnns_ef0030_lbq0015.yaml
deep1b,DEEP1B,r100,Recall@100,mfnns,MFNNS,0.770000,0.77,477472.261846,502647,40,20,verified_original_yaml_stats,ae/figure18/configs/deep1b/r100/mfnns/mfnns_ef0040_lbq0020.yaml
deep1b,DEEP1B,r100,Recall@100,mfnns,MFNNS,0.800000,0.80,365006.798252,657522,50,20,verified_original_yaml_stats,ae/figure18/configs/deep1b/r100/mfnns/mfnns_ef0050_lbq0020.yaml
deep1b,DEEP1B,r100,Recall@100,mfnns,MFNNS,0.830000,0.83,292692.921222,819972,60,20,verified_original_yaml_stats,ae/figure18/configs/deep1b/r100/mfnns/mfnns_ef0060_lbq0020.yaml
deep1b,DEEP1B,r100,Recall@100,mfnns,MFNNS,0.870000,0.87,175467.841131,1367772,90,40,verified_original_yaml_stats,ae/figure18/configs/deep1b/r100/mfnns/mfnns_ef0090_lbq0040.yaml
deep1b,DEEP1B,r100,Recall@100,mfnns,MFNNS,0.880000,0.88,162017.441178,1481322,90,80,verified_original_yaml_stats,ae/figure18/configs/deep1b/r100/mfnns/mfnns_ef0090_lbq0080.yaml
deep1b,DEEP1B,r100,Recall@100,mfnns,MFNNS,0.910000,0.91,103076.312548,2328372,130,100,verified_original_yaml_stats,ae/figure18/configs/deep1b/r100/mfnns/mfnns_ef0130_lbq0100.yaml
deep1b,DEEP1B,r100,Recall@100,mfnns,MFNNS,0.920000,0.92,89543.150844,2680272,150,100,verified_original_yaml_stats,ae/figure18/configs/deep1b/r100/mfnns/mfnns_ef0150_lbq0100.yaml
deep1b,DEEP1B,r100,Recall@100,mfnns,MFNNS,0.940000,0.94,56684.361635,4233972,180,220,verified_original_yaml_stats,ae/figure18/configs/deep1b/r100/mfnns/mfnns_ef0180_lbq0220.yaml
deep1b,DEEP1B,r100,Recall@100,mfnns,MFNNS,0.950000,0.95,42413.340268,5658597,220,300,verified_original_yaml_stats,ae/figure18/configs/deep1b/r100/mfnns/mfnns_ef0220_lbq0300.yaml
deep1b,DEEP1B,r100,Recall@100,mfnns,MFNNS,0.960000,0.96,39095.926253,6138747,250,250,verified_original_yaml_stats,ae/figure18/configs/deep1b/r100/mfnns/mfnns_ef0250_lbq0250.yaml
deep1b,DEEP1B,r100,Recall@100,mfnns,MFNNS,0.970000,0.97,28306.319669,8478672,300,420,verified_original_yaml_stats,ae/figure18/configs/deep1b/r100/mfnns/mfnns_ef0300_lbq0420.yaml
