point_id	dataset	recall_tag	method	plot_recall_raw	plot_recall_2dp	plot_qps	plot_cycle	ef	lbq	source_queue	config_status	portable_config_ref	portable_config_sha256	source_yaml_ref	source_yaml_sha256	source_stats_ref	source_stats_sha256	source_recall	source_cycle	source_qps_2p4ghz	recall_delta_plot_minus_source	cycle_delta_plot_minus_source	note
t2i1b.r10.ansmet.ef0010.queue0100	t2i1b	r10	ansmet	0.448000	0.45	630795.433041	380472	10		100	verified_original_yaml_stats	ae/figure18/configs/t2i1b/r10/ansmet/ansmet_ef0010_queue0100.yaml	c137b6e3fae7d9f0c9c5bafeeb6fce92186d5c7122edc15668a2478260586822	MFANNS/simulator/memory/20260613/003_recall10_t2i1b_ansmet_top100gt_qps_curve/yamls/t2i1b_ansmet_r10_top100gt_ef0010_q0100.yaml	73e09ab051b5da7aabf08bf0c605b253bd884263c8a1f87261aa5df16ac4fa8b	MFANNS/simulator/memory/20260613/003_recall10_t2i1b_ansmet_top100gt_qps_curve/logs/t2i1b_ansmet_r10_top100gt_ef0010_q0100_stats.yml	2e1783457fe9534795a93aebd469b0fcd1c219554e420f5d5e46a50d8b811c54	0.448	380472	630795.433041	0	0	Original YAML and stats match dataset/method/k/ef/lbq/cycle.
t2i1b.r10.ansmet.ef0015.queue0100	t2i1b	r10	ansmet	0.530000	0.53	441930.351777	543072	15		100	verified_original_yaml_stats	ae/figure18/configs/t2i1b/r10/ansmet/ansmet_ef0015_queue0100.yaml	fe08e31abfb30d207b88e16aaabc84aa2626e08159c17bdaaaac8e1fd3d446a0	MFANNS/simulator/memory/20260613/003_recall10_t2i1b_ansmet_top100gt_qps_curve/yamls/t2i1b_ansmet_r10_top100gt_ef0015_q0100.yaml	1064dab19916f82bb6b38c7a20b9a168afe14b4e7e20ed6b7484e65dab5c1d56	MFANNS/simulator/memory/20260613/003_recall10_t2i1b_ansmet_top100gt_qps_curve/logs/t2i1b_ansmet_r10_top100gt_ef0015_q0100_stats.yml	05fc506378a2846e9c5cf94276a939935c570bf5347138952cbf11e2368a0805	0.531	543072	441930.351777	-0.001	0	Original YAML and stats match dataset/method/k/ef/lbq/cycle.
t2i1b.r10.ansmet.ef0030.queue0100	t2i1b	r10	ansmet	0.667000	0.67	220522.970224	1088322	30		100	verified_original_yaml_stats	ae/figure18/configs/t2i1b/r10/ansmet/ansmet_ef0030_queue0100.yaml	d8452cebdace4fbe5b44666bb0398049bde8918f952816c3eaf82cdcae91588a	MFANNS/simulator/memory/20260613/003_recall10_t2i1b_ansmet_top100gt_qps_curve/yamls/t2i1b_ansmet_r10_top100gt_ef0030_q0100.yaml	e2b7a4dafc7fff58733bd50e92383aa489cbf09629bb6765c47e6618d29d20b4	MFANNS/simulator/memory/20260613/003_recall10_t2i1b_ansmet_top100gt_qps_curve/logs/t2i1b_ansmet_r10_top100gt_ef0030_q0100_stats.yml	e7c9d88cf4e75f90532e3fb60c875ea03b4e84fe7623e70d2aabe55edb3aca3a	0.667	1088322	220522.970224	0	0	Original YAML and stats match dataset/method/k/ef/lbq/cycle.
t2i1b.r10.ansmet.ef0040.queue0100	t2i1b	r10	ansmet	0.709000	0.71	164524.759948	1458747	40		100	verified_original_yaml_stats	ae/figure18/configs/t2i1b/r10/ansmet/ansmet_ef0040_queue0100.yaml	f6b8ed1dedc71a72d3af990f2e9445b0e9762967003db65a01e0fc33723c0233	MFANNS/simulator/memory/20260613/003_recall10_t2i1b_ansmet_top100gt_qps_curve/yamls/t2i1b_ansmet_r10_top100gt_ef0040_q0100.yaml	b3bc751e8444bddc12346d0aaf806ff628c61af02b426de3aea2273fccaa16d9	MFANNS/simulator/memory/20260613/003_recall10_t2i1b_ansmet_top100gt_qps_curve/logs/t2i1b_ansmet_r10_top100gt_ef0040_q0100_stats.yml	214b6a44045c992cbc42b0588c00f1d25e6799c76f9ee4f7008ef9f8a0cc4080	0.709	1458747	164524.759948	0	0	Original YAML and stats match dataset/method/k/ef/lbq/cycle.
t2i1b.r10.ansmet.ef0050.queue0100	t2i1b	r10	ansmet	0.751000	0.75	126542.433632	1896597	50		100	verified_original_yaml_stats	ae/figure18/configs/t2i1b/r10/ansmet/ansmet_ef0050_queue0100.yaml	e19dc04757273e6c3648e49b691b457cd9c9aa12501ef258c8fd6f427874a360	MFANNS/simulator/memory/20260614/015_t2i1b_ansmet_r100_lowef_r10_50_135/yamls/t2i1b_r10_ansmet_requested_ef0050_q0100.yaml	c5c2ad040f5ed0ec9a0ee2763ab9b5e14fb626c2f4f562f9363ffdeda01de5c5	MFANNS/simulator/memory/20260614/015_t2i1b_ansmet_r100_lowef_r10_50_135/logs/t2i1b_r10_ansmet_requested_ef0050_q0100_stats.yml	35f007a9d5cc61b263d764cf2c73442c2044e7bcd8c45d14bb07ea85b69b28bd	0.751	1896597	126542.433632	0	0	Original YAML and stats match dataset/method/k/ef/lbq/cycle.
t2i1b.r10.ansmet.ef0060.queue0033	t2i1b	r10	ansmet	0.770000	0.77	98534.423617	2435697	60		33	verified_original_yaml_stats	ae/figure18/configs/t2i1b/r10/ansmet/ansmet_ef0060_queue0033.yaml	0ffb30e52913def8ddc36b858cf8ede6249bc2524574341cc9013d3a62b51d18	MFANNS/simulator/memory/20260605/002_deep1b_t2i1b_k10_recall75_99_ansmet_mfnns/yamls_round4_curve_fill/t2i1b_ansmet_k10_curvefill_ef0060_q0033.yaml	de5512667e31221ccb555e79edde5e4ad37512ce75dd1de775a213ac2fbb403b	MFANNS/simulator/memory/20260605/002_deep1b_t2i1b_k10_recall75_99_ansmet_mfnns/logs_round4_curve_fill/t2i1b_ansmet_k10_curvefill_ef0060_q0033_stats.yml	b76b9e5a340e9d1c5fe2bb3778d5ad4f923a05af70ffcf31ecd69b8a95431bfe	0.772	2435697	98534.423617	-0.002	0	Original YAML and stats match dataset/method/k/ef/lbq/cycle.
t2i1b.r10.ansmet.ef0100.queue0033	t2i1b	r10	ansmet	0.810000	0.81	53077.711077	4521672	100		33	verified_original_yaml_stats	ae/figure18/configs/t2i1b/r10/ansmet/ansmet_ef0100_queue0033.yaml	67a2df15d4a51fcf32720bb1acbeb9b2361720ee496ccd28d4fec84f6f813f61	MFANNS/simulator/memory/20260329/deep1b_t2i1b_k10_bandsearch/yamls_t2i1b_ansmet_q100_ef80_100/t2i1b_ansmet_k10_q100_ef100.yaml	ebc3e0575f52b4ec1509547ce553dd307329e87cee45fb914e04318644dbca37	MFANNS/simulator/memory/20260329/deep1b_t2i1b_k10_bandsearch/logs_t2i1b_ansmet_q100_ef80_100/t2i1b_ansmet_k10_q100_ef100_stats.yml	f2fc44819f0de7e229bcb6698f286e115d2f6e209550b18ecfd87ea31df6697c	0.812	4521672	53077.711077	-0.002	0	Original YAML and stats match dataset/method/k/ef/lbq/cycle.
t2i1b.r10.ansmet.ef0120.queue0033	t2i1b	r10	ansmet	0.840000	0.84	41711.223813	5753847	120		33	verified_original_yaml_stats	ae/figure18/configs/t2i1b/r10/ansmet/ansmet_ef0120_queue0033.yaml	822d622d40c55ea10397a51d04eaa2305efb8dffc1206d49cc6561cc633e3898	MFANNS/simulator/memory/20260605/002_deep1b_t2i1b_k10_recall75_99_ansmet_mfnns/yamls_round4_curve_fill/t2i1b_ansmet_k10_curvefill_ef0120_q0033.yaml	911c9ba845a79adaef27cdb9736f2374e5b556891f26196b1ac5bb3cb7473943	MFANNS/simulator/memory/20260605/002_deep1b_t2i1b_k10_recall75_99_ansmet_mfnns/logs_round4_curve_fill/t2i1b_ansmet_k10_curvefill_ef0120_q0033_stats.yml	c009055160c5f9cd4108a4dd08eecd5a78d925ab2da07f9013ada63ff6d68382	0.84	5753847	41711.223813	0	0	Original YAML and stats match dataset/method/k/ef/lbq/cycle.
t2i1b.r10.ansmet.ef0130.queue0100	t2i1b	r10	ansmet	0.875000	0.88	38517.110504	6230997	130		100	verified_original_yaml_stats	ae/figure18/configs/t2i1b/r10/ansmet/ansmet_ef0130_queue0100.yaml	8c66049879a5e1e14698f56ca731bde7add0f28ffab818955507edbae9c5f502	MFANNS/simulator/memory/20260614/016_t2i1b_r10_ansmet_ef130_135_140/yamls/t2i1b_r10_ansmet_requested_ef0130_q0100.yaml	bbc2cd0bd79b6573fd6049301ededf16f52d544f0fb7d3a03939981241ea6d4f	MFANNS/simulator/memory/20260614/016_t2i1b_r10_ansmet_ef130_135_140/logs/t2i1b_r10_ansmet_requested_ef0130_q0100_stats.yml	a968e463bc7dcc53b76fb4f35aa5ff76ba6c725dc2ccecf07d61d15196b9f5d1	0.875	6230997	38517.110504	0	0	Original YAML and stats match dataset/method/k/ef/lbq/cycle.
t2i1b.r10.ansmet.ef0150.queue0100	t2i1b	r10	ansmet	0.880000	0.88	32026.274355	7493847	150		100	verified_original_yaml_stats	ae/figure18/configs/t2i1b/r10/ansmet/ansmet_ef0150_queue0100.yaml	502718d05580c807181436591fa306969f1edd2e2c995c88be26a955f76a20a2	MFANNS/simulator/memory/20260613/003_recall10_t2i1b_ansmet_top100gt_qps_curve/yamls/t2i1b_ansmet_r10_top100gt_ef0150_q0100.yaml	d429e01be39498d9afc1353e318e70a3a2bdd9943d72cef74b4a7b58aa8202ff	MFANNS/simulator/memory/20260613/003_recall10_t2i1b_ansmet_top100gt_qps_curve/logs/t2i1b_ansmet_r10_top100gt_ef0150_q0100_stats.yml	ba6986b6933a21fab94f0d64003008fe68cde602d0027a24fe9ab29437d82289	0.883	7493847	32026.274355	-0.003	0	Original YAML and stats match dataset/method/k/ef/lbq/cycle.
t2i1b.r10.ansmet.ef0200.queue0100	t2i1b	r10	ansmet	0.910000	0.91	22004.021785	10907097	200		100	verified_original_yaml_stats	ae/figure18/configs/t2i1b/r10/ansmet/ansmet_ef0200_queue0100.yaml	a26684308649f728c464df1798f17dafd1bd28311b0f4fa4debc3103949a0da6	MFANNS/simulator/memory/20260613/003_recall10_t2i1b_ansmet_top100gt_qps_curve/yamls/t2i1b_ansmet_r10_top100gt_ef0200_q0100.yaml	4152540bcc967f3df1a6b37665975076ae95f82193e4db348e99e93039dcef96	MFANNS/simulator/memory/20260613/003_recall10_t2i1b_ansmet_top100gt_qps_curve/logs/t2i1b_ansmet_r10_top100gt_ef0200_q0100_stats.yml	0614d04dcb39e28023dc00670abd044590ecc2bddaa39cabfa48c8e668d0ed04	0.911	10907097	22004.021785	-0.001	0	Original YAML and stats match dataset/method/k/ef/lbq/cycle.
t2i1b.r10.ansmet.ef0300.queue0033	t2i1b	r10	ansmet	0.930000	0.93	13307.884223	18034422	300		33	verified_original_yaml_stats	ae/figure18/configs/t2i1b/r10/ansmet/ansmet_ef0300_queue0033.yaml	40ff9cbdc89cdf48021c6bd323221c9688238597f3f2f3b160cfa0b44d8bfdbe	MFANNS/simulator/memory/20260605/002_deep1b_t2i1b_k10_recall75_99_ansmet_mfnns/yamls_round1_screen/t2i1b_ansmet_k10_ef0300_q0033.yaml	70c639374fb6e6c16b166ec23e74e6b98de5ca31584ca44e00f5635958901801	MFANNS/simulator/memory/20260605/002_deep1b_t2i1b_k10_recall75_99_ansmet_mfnns/logs_round1_screen/t2i1b_ansmet_k10_ef0300_q0033_stats.yml	7a42b96c0c34027c8315888c9e94555122cfeb6670495c828adb52ffe1f5f0e3	0.932	18034422	13307.884223	-0.002	0	Original YAML and stats match dataset/method/k/ef/lbq/cycle.
t2i1b.r10.ansmet.ef0500.queue0100	t2i1b	r10	ansmet	0.950000	0.95	7277.524485	32978247	500		100	verified_original_yaml_stats	ae/figure18/configs/t2i1b/r10/ansmet/ansmet_ef0500_queue0100.yaml	5bb55409b9ecfa8b8c9ca612a5709fca703cdd2518b5a8e261626ee8dac5f923	MFANNS/simulator/memory/20260614/006_r10_parallel_extra_points/yamls/t2i1b_r10_ansmet_parallel_ef0500_q0100.yaml	82ca14d6b92ecd480b0a36d13bb392292e71096983fc2cab64e9373c6f8efa01	MFANNS/simulator/memory/20260614/006_r10_parallel_extra_points/logs/t2i1b_r10_ansmet_parallel_ef0500_q0100_stats.yml	7ddf79e1d01a162b48d2123c2f67a7e3f5b0851e864e68919b6e35323be993f5	0.958	32978247	7277.524485	-0.008	0	Original YAML and stats match dataset/method/k/ef/lbq/cycle.
t2i1b.r10.ansmet.ef0600.queue0033	t2i1b	r10	ansmet	0.960000	0.96	5923.622734	40515747	600		33	verified_original_yaml_stats	ae/figure18/configs/t2i1b/r10/ansmet/ansmet_ef0600_queue0033.yaml	f5d1da40df9007dbdf1ee12bda4c4fea90a3956c4b9b58ea1a8879d49611e865	MFANNS/simulator/memory/20260605/002_deep1b_t2i1b_k10_recall75_99_ansmet_mfnns/yamls_round3_t2i1b_ansmet_refine/t2i1b_ansmet_k10_refine_ef0600_q0033.yaml	71cdfba062a3a6793410abce10c8ed8593638491704163fc1037b48a25cd471a	MFANNS/simulator/memory/20260605/002_deep1b_t2i1b_k10_recall75_99_ansmet_mfnns/logs_round3_t2i1b_ansmet_refine/t2i1b_ansmet_k10_refine_ef0600_q0033_stats.yml	a7e654e511e5359c24da51009afbcbce86906e2388e2eba7ae5c6b2c56f42c14	0.954	40515747	5923.622734	0.006	0	Original YAML and stats match dataset/method/k/ef/lbq/cycle.
t2i1b.r10.mfnns.ef0010.lbq0050	t2i1b	r10	mfnns	0.448000	0.45	808906.055673	296697	10	50	15	reconstructed_from_same_panel_template	ae/figure18/configs/t2i1b/r10/mfnns/mfnns_ef0010_lbq0050.yaml	373eb958bcbcceeb089fd5c5cca6f74e42dbfaffea4366afc7a7d809b9e9b8ac	MFANNS/simulator/memory/20260614/003_t2i1b_r10_requested_mfnns_lowef_top100gt/yamls/t2i1b_r10_mfnns_top100gt_ef0015_q0015.yaml	602f438ce50b7b262a8be9e2dc9c600b5fdeefa6f4f52fb71173ca448fcb8b2e	MFANNS/simulator/memory/20260614/003_t2i1b_r10_requested_mfnns_lowef_top100gt/logs/t2i1b_r10_mfnns_top100gt_ef0015_q0015_stats.yml	6e436201646788e5f7e671464fc4dffbb326fecb47a6e9db1e745f5508ceeb28	0.251	246447	973840.217166	0.197	50250	No original same-parameter YAML was found; ef/LBQueue are reconstructed from the nearest same-panel template.
t2i1b.r10.mfnns.ef0015.lbq0060	t2i1b	r10	mfnns	0.492000	0.49	590628.206927	406347	15	60	15	reconstructed_from_same_panel_template	ae/figure18/configs/t2i1b/r10/mfnns/mfnns_ef0015_lbq0060.yaml	f9b737c2278c2f5b380e90e7d0e2b039f479c5fcd47556403633cca9185f425e	MFANNS/simulator/memory/20260614/003_t2i1b_r10_requested_mfnns_lowef_top100gt/yamls/t2i1b_r10_mfnns_top100gt_ef0015_q0015.yaml	602f438ce50b7b262a8be9e2dc9c600b5fdeefa6f4f52fb71173ca448fcb8b2e	MFANNS/simulator/memory/20260614/003_t2i1b_r10_requested_mfnns_lowef_top100gt/logs/t2i1b_r10_mfnns_top100gt_ef0015_q0015_stats.yml	6e436201646788e5f7e671464fc4dffbb326fecb47a6e9db1e745f5508ceeb28	0.251	246447	973840.217166	0.241	159900	No original same-parameter YAML was found; ef/LBQueue are reconstructed from the nearest same-panel template.
t2i1b.r10.mfnns.ef0015.lbq0100	t2i1b	r10	mfnns	0.510000	0.51	512577.367146	468222	15	100	15	reconstructed_from_same_panel_template	ae/figure18/configs/t2i1b/r10/mfnns/mfnns_ef0015_lbq0100.yaml	e684184e27f47b0a850541442234efa8f1dd5c5ef5d42d70cf25cf284d107383	MFANNS/simulator/memory/20260614/003_t2i1b_r10_requested_mfnns_lowef_top100gt/yamls/t2i1b_r10_mfnns_top100gt_ef0015_q0015.yaml	602f438ce50b7b262a8be9e2dc9c600b5fdeefa6f4f52fb71173ca448fcb8b2e	MFANNS/simulator/memory/20260614/003_t2i1b_r10_requested_mfnns_lowef_top100gt/logs/t2i1b_r10_mfnns_top100gt_ef0015_q0015_stats.yml	6e436201646788e5f7e671464fc4dffbb326fecb47a6e9db1e745f5508ceeb28	0.251	246447	973840.217166	0.259	221775	No original same-parameter YAML was found; ef/LBQueue are reconstructed from the nearest same-panel template.
t2i1b.r10.mfnns.ef0030.lbq0120	t2i1b	r10	mfnns	0.650000	0.65	282561.704412	849372	30	120	120	verified_original_yaml_stats	ae/figure18/configs/t2i1b/r10/mfnns/mfnns_ef0030_lbq0120.yaml	34875cbe0cb0d9178d2918fd577693da9e138a4b5feed810b13a5dba1b7c0a9e	MFANNS/simulator/memory/20260614/003_t2i1b_r10_requested_mfnns_lowef_top100gt/yamls/t2i1b_r10_mfnns_top100gt_ef0030_q0120.yaml	7e764a0d7cfaa48ebf14aba711da0bcb04eba20adb511a3706b106f0a6f20c06	MFANNS/simulator/memory/20260614/003_t2i1b_r10_requested_mfnns_lowef_top100gt/logs/t2i1b_r10_mfnns_top100gt_ef0030_q0120_stats.yml	4f988854e6cdd8c2ae38f98cfe9592be2de12146fef22b48a34d3c35f9f34cff	0.646	849372	282561.704412	0.004	0	Original YAML and stats match dataset/method/k/ef/lbq/cycle.
t2i1b.r10.mfnns.ef0040.lbq0200	t2i1b	r10	mfnns	0.702000	0.70	195946.839622	1224822	40	200	200	verified_original_yaml_stats	ae/figure18/configs/t2i1b/r10/mfnns/mfnns_ef0040_lbq0200.yaml	2141dcbd4ab301a6c0b88c7bf8dfb38efb4dcbbf3364bab6338a756ede62babb	MFANNS/simulator/memory/20260614/004_t2i1b_r10_requested_mfnns_more_lbq_top100gt/yamls/t2i1b_r10_mfnns_top100gt_ef0040_q0200.yaml	b212c050673487e052b84f567883ebc69e058e64cee71fb37ee08e1fa83b2b99	MFANNS/simulator/memory/20260614/004_t2i1b_r10_requested_mfnns_more_lbq_top100gt/logs/t2i1b_r10_mfnns_top100gt_ef0040_q0200_stats.yml	69f96a41fe7332f760f0f3c7948f4b63ad7ae60e5a82423d2582e7f457471c09	0.702	1224822	195946.839622	0	0	Original YAML and stats match dataset/method/k/ef/lbq/cycle.
t2i1b.r10.mfnns.ef0050.lbq0300	t2i1b	r10	mfnns	0.750000	0.75	143762.332113	1669422	50	300	200	reconstructed_from_same_panel_template	ae/figure18/configs/t2i1b/r10/mfnns/mfnns_ef0050_lbq0300.yaml	649ac8392913f018761de375c3a9c77453fd85d4a5c45e12db67a9f2c73c3fc1	MFANNS/simulator/memory/20260329/deep1b_t2i1b_k10_bandsearch/yamls_t2i1b_mfnns_ef50_lbq_probe200/t2i1b_mfnns_k10_ef50_lbq200.yaml	4773764dc72b4283869077094eb1b60a3afa6ccca8c548ac38304f44d08ce3f8	MFANNS/simulator/memory/20260329/deep1b_t2i1b_k10_bandsearch/logs_t2i1b_mfnns_ef50_lbq_probe200/t2i1b_mfnns_k10_ef50_lbq200_stats.yml	77aa345d68a2256516fb25fae8a1b85990648be98cbf13fe8977a53a6cfd2f70	0.706	1494372	160602.580883	0.044	175050	No original same-parameter YAML was found; ef/LBQueue are reconstructed from the nearest same-panel template.
t2i1b.r10.mfnns.ef0060.lbq0400	t2i1b	r10	mfnns	0.800000	0.80	115369.528600	2080272	60	400	400	verified_original_yaml_stats	ae/figure18/configs/t2i1b/r10/mfnns/mfnns_ef0060_lbq0400.yaml	78d2ed06bff2375ca5222a73dfece8293a85add5658433eb532ff5fb19207bc0	MFANNS/simulator/memory/20260614/006_r10_parallel_extra_points/yamls/t2i1b_r10_mfnns_parallel_ef0060_q0400.yaml	a8d919cb02cc4d6c01f948f5bcfc27dbc5d75878d0d348af37d831876642e79c	MFANNS/simulator/memory/20260614/006_r10_parallel_extra_points/logs/t2i1b_r10_mfnns_parallel_ef0060_q0400_stats.yml	41008b212ab3a59a78756ec2ede1a6be5fbe735fcb6a796d06af8b0512dd8920	0.796	2080272	115369.528600	0.004	0	Original YAML and stats match dataset/method/k/ef/lbq/cycle.
t2i1b.r10.mfnns.ef0100.lbq0650	t2i1b	r10	mfnns	0.832000	0.83	61663.274330	3892106	100	650	240	reconstructed_from_same_panel_template	ae/figure18/configs/t2i1b/r10/mfnns/mfnns_ef0100_lbq0650.yaml	e86a3c7a213c4cc0f7951583c679f2e991f67b481f71fd8a915a98fae42b0421	MFANNS/simulator/memory/20260329/deep1b_t2i1b_k10_bandsearch/yamls_t2i1b_mfnns_ef100_lbq_probe240/t2i1b_mfnns_k10_ef100_lbq240.yaml	2b6b3a60b972c625fcb5cff66d1ccbd146b82f1041f1bd09d7ea89de38041eba	MFANNS/simulator/memory/20260329/deep1b_t2i1b_k10_bandsearch/logs_t2i1b_mfnns_ef100_lbq_probe240/t2i1b_mfnns_k10_ef100_lbq240_stats.yml	1ef67aa7af5af66262f924650230b200a3ec9336b200a0d970b695e100e201d1	0.789	2914181	82355.900337	0.043	977925	No original same-parameter YAML was found; ef/LBQueue are reconstructed from the nearest same-panel template.
t2i1b.r10.mfnns.ef0120.lbq0800	t2i1b	r10	mfnns	0.860000	0.86	48210.225509	4978197	120	800	300	reconstructed_from_same_panel_template	ae/figure18/configs/t2i1b/r10/mfnns/mfnns_ef0120_lbq0800.yaml	f912c661a12ca5a10cc06215368377b23726ab94dfc39f5b14a5132152aea1df	MFANNS/simulator/memory/20260329/deep1b_t2i1b_k10_bandsearch/yamls_t2i1b_mfnns_ef120_lbq_probe300/t2i1b_mfnns_k10_ef120_lbq300.yaml	60b1cd947a91a918d5ccd56f75529be1dff0c3b3c5c3e50e6497f4a1e6a461d1	MFANNS/simulator/memory/20260329/deep1b_t2i1b_k10_bandsearch/logs_t2i1b_mfnns_ef120_lbq_probe300/t2i1b_mfnns_k10_ef120_lbq300_stats.yml	b445770dc953db5ac594b1f3f388048d7d0e694577e1555ec28316bc24a662d8	0.803	3769872	63662.638944	0.057	1208325	No original same-parameter YAML was found; ef/LBQueue are reconstructed from the nearest same-panel template.
t2i1b.r10.mfnns.ef0150.lbq0800	t2i1b	r10	mfnns	0.890000	0.89	38382.669457	6252822	150	800	350	reconstructed_from_same_panel_template	ae/figure18/configs/t2i1b/r10/mfnns/mfnns_ef0150_lbq0800.yaml	311f77f526e54a7a515edfefd3c1956ba13390fd4a22433458d0e3b775d1e7b2	MFANNS/simulator/memory/20260605/002_deep1b_t2i1b_k10_recall75_99_ansmet_mfnns/yamls_round1_screen/t2i1b_mfnns_k10_ef0150_q0350.yaml	128ebf939dd8452e05d22ff7940cc85006d75dcd6707eb3c26954043cfb0428d	MFANNS/simulator/memory/20260605/002_deep1b_t2i1b_k10_recall75_99_ansmet_mfnns/logs_round1_screen/t2i1b_mfnns_k10_ef0150_q0350_stats.yml	f9ec81e550cdde1f77700d6004789751b76183652b8dbe7dea0ae0a79f5218a5	0.829	4894572	49033.909400	0.061	1358250	No original same-parameter YAML was found; ef/LBQueue are reconstructed from the nearest same-panel template.
t2i1b.r10.mfnns.ef0200.lbq1000	t2i1b	r10	mfnns	0.904000	0.90	27071.163999	8865522	200	1000	400	reconstructed_from_same_panel_template	ae/figure18/configs/t2i1b/r10/mfnns/mfnns_ef0200_lbq1000.yaml	dbdad98838fbd96cde5f4d62e894c4c8d2a7be6dc0a0c09c8dea719b19f4630a	MFANNS/simulator/memory/20260605/002_deep1b_t2i1b_k10_recall75_99_ansmet_mfnns/yamls_round1_screen/t2i1b_mfnns_k10_ef0200_q0400.yaml	f6572afde913abf9b43d1fa6f7e42f76d50a65696f1c2c1690007c734a7bd899	MFANNS/simulator/memory/20260605/002_deep1b_t2i1b_k10_recall75_99_ansmet_mfnns/logs_round1_screen/t2i1b_mfnns_k10_ef0200_q0400_stats.yml	a463f3c7fc34c11ab1fe4f4b7a7720f61e672220909826f765f6c28a0d955907	0.837	6637647	36157.391317	0.067	2227875	No original same-parameter YAML was found; ef/LBQueue are reconstructed from the nearest same-panel template.
t2i1b.r10.mfnns.ef0250.lbq1200	t2i1b	r10	mfnns	0.930000	0.93	20531.514720	11689347	250	1200	360	reconstructed_from_same_panel_template	ae/figure18/configs/t2i1b/r10/mfnns/mfnns_ef0250_lbq1200.yaml	2c5b9b046416cc5f8b36b94a9b73001926736a3b05fb04dfe0fc6a6ac23bb36a	MFANNS/simulator/memory/20260605/002_deep1b_t2i1b_k10_recall75_99_ansmet_mfnns/yamls_round4_curve_fill/t2i1b_mfnns_k10_curvefill_ef0250_q0360.yaml	9f2f7ff317e8ed9bb401a9a6c60d50e74eabb3a5e7e8e53124f9596cb78d482b	MFANNS/simulator/memory/20260605/002_deep1b_t2i1b_k10_recall75_99_ansmet_mfnns/logs_round4_curve_fill/t2i1b_mfnns_k10_curvefill_ef0250_q0360_stats.yml	46cd06f940c8bea38d01bf9fbc3eafa5be444062bd50270f604c174af61b9767	0.832	7750347	30966.355442	0.098	3939000	No original same-parameter YAML was found; ef/LBQueue are reconstructed from the nearest same-panel template.
t2i1b.r10.mfnns.ef0300.lbq1500	t2i1b	r10	mfnns	0.944000	0.94	16558.607951	14493972	300	1500	2000	reconstructed_from_same_panel_template	ae/figure18/configs/t2i1b/r10/mfnns/mfnns_ef0300_lbq1500.yaml	53b48851bee2b1dcc49ff82ffb0aa02ac53268684636c1bc655b4bf59011b16e	MFANNS/simulator/memory/20260614/004_t2i1b_r10_requested_mfnns_more_lbq_top100gt/yamls/t2i1b_r10_mfnns_top100gt_ef0300_q2000.yaml	94a20cba92257b5d1de3995ac71e43b7fe0222d93d1b7ac3d26234526d714c70	MFANNS/simulator/memory/20260614/004_t2i1b_r10_requested_mfnns_more_lbq_top100gt/logs/t2i1b_r10_mfnns_top100gt_ef0300_q2000_stats.yml	b6a17c0184578afa42a29197cb19cf9b01abf3d6a3592983fc30f42d480c320b	0.945	15423222	15560.950883	-0.001	-929250	No original same-parameter YAML was found; ef/LBQueue are reconstructed from the nearest same-panel template.
t2i1b.r10.mfnns.ef0400.lbq2200	t2i1b	r10	mfnns	0.950000	0.95	11601.770952	20686497	400	2200	2000	reconstructed_from_same_panel_template	ae/figure18/configs/t2i1b/r10/mfnns/mfnns_ef0400_lbq2200.yaml	1dcc51f6ed3e1a599f2644e95e3cb274a48753fa3d95e910d650911abf235578	MFANNS/simulator/memory/20260614/004_t2i1b_r10_requested_mfnns_more_lbq_top100gt/yamls/t2i1b_r10_mfnns_top100gt_ef0300_q2000.yaml	94a20cba92257b5d1de3995ac71e43b7fe0222d93d1b7ac3d26234526d714c70	MFANNS/simulator/memory/20260614/004_t2i1b_r10_requested_mfnns_more_lbq_top100gt/logs/t2i1b_r10_mfnns_top100gt_ef0300_q2000_stats.yml	b6a17c0184578afa42a29197cb19cf9b01abf3d6a3592983fc30f42d480c320b	0.945	15423222	15560.950883	0.005	5263275	No original same-parameter YAML was found; ef/LBQueue are reconstructed from the nearest same-panel template.
t2i1b.r10.mfnns.ef0500.lbq2800	t2i1b	r10	mfnns	0.960000	0.96	8954.331120	26802672	500	2800	700	reconstructed_from_same_panel_template	ae/figure18/configs/t2i1b/r10/mfnns/mfnns_ef0500_lbq2800.yaml	d3cf2e373f241ca079b2e87e495afd3ddf4d426d72930741d080aa6825dadbea	MFANNS/simulator/memory/20260605/002_deep1b_t2i1b_k10_recall75_99_ansmet_mfnns/yamls_round1_screen/t2i1b_mfnns_k10_ef0500_q0700.yaml	edda2a41e92b631b372f4cdc7886029962616fb7bfc0d906277d0b7b5a49f21c	MFANNS/simulator/memory/20260605/002_deep1b_t2i1b_k10_recall75_99_ansmet_mfnns/logs_round1_screen/t2i1b_mfnns_k10_ef0500_q0700_stats.yml	735f195e0af7992816d28d67bb1d4d9946511816a644f5091eac8857e0a637df	0.883	16892084	14207.838417	0.077	9910588	No original same-parameter YAML was found; ef/LBQueue are reconstructed from the nearest same-panel template.
deep1b.r10.ansmet.ef0010.queue0033	deep1b	r10	ansmet	0.657000	0.66	1217211.368754	197172	10		33	verified_original_yaml_stats	ae/figure18/configs/deep1b/r10/ansmet/ansmet_ef0010_queue0033.yaml	03789f1807416cb04d40b38cff7e0eebde25653085a72962b8cdf9e706f12162	MFANNS/simulator/memory/20260605/002_deep1b_t2i1b_k10_recall75_99_ansmet_mfnns/yamls_round1_screen/deep1b_ansmet_k10_ef0010_q0033.yaml	b66bfe31e7a79e1ae4e7757e292108bba147331610246e66eb9bba0c24271502	MFANNS/simulator/memory/20260605/002_deep1b_t2i1b_k10_recall75_99_ansmet_mfnns/logs_round1_screen/deep1b_ansmet_k10_ef0010_q0033_stats.yml	5534fe4afc6bfbc2dee220f9801085ec521bd6e7869b2d4020ea54c5c66dbc1f	0.657	197172	1217211.368754	0	0	Original YAML and stats match dataset/method/k/ef/lbq/cycle.
deep1b.r10.ansmet.ef0014.queue0033	deep1b	r10	ansmet	0.740000	0.74	976216.915399	245847	14		33	verified_original_yaml_stats	ae/figure18/configs/deep1b/r10/ansmet/ansmet_ef0014_queue0033.yaml	e0d6a99ef13bb149b717d3f3e38396310f194dad3f75284a66fb6b87b343b9da	MFANNS/simulator/memory/20260605/002_deep1b_t2i1b_k10_recall75_99_ansmet_mfnns/yamls_round1_screen/deep1b_ansmet_k10_ef0014_q0033.yaml	15b17692e5bf6218e3005c69d2dbb684a6c33f9363fc8a8055f6cfd3a7324d28	MFANNS/simulator/memory/20260605/002_deep1b_t2i1b_k10_recall75_99_ansmet_mfnns/logs_round1_screen/deep1b_ansmet_k10_ef0014_q0033_stats.yml	cd6967830201540b19238941ea9fc7b361860c5c2bf8872b3f270198af73a084	0.742	245847	976216.915399	-0.002	0	Original YAML and stats match dataset/method/k/ef/lbq/cycle.
deep1b.r10.ansmet.ef0022.queue0033	deep1b	r10	ansmet	0.790000	0.79	682745.318927	351522	22		33	verified_original_yaml_stats	ae/figure18/configs/deep1b/r10/ansmet/ansmet_ef0022_queue0033.yaml	e0664fbcaacca0201eb3afbe5daac2a045d9e1f3d52fb7536911daa3c8e6fe8c	MFANNS/simulator/memory/20260605/002_deep1b_t2i1b_k10_recall75_99_ansmet_mfnns/yamls_round1_screen/deep1b_ansmet_k10_ef0022_q0033.yaml	67bc9831b113601738d14f8b1ea72011adc7f54ab2342131cb4dca0055756fd9	MFANNS/simulator/memory/20260605/002_deep1b_t2i1b_k10_recall75_99_ansmet_mfnns/logs_round1_screen/deep1b_ansmet_k10_ef0022_q0033_stats.yml	c7fd5ce98d16d55bd381a93fed35dd7abbcffd8bc22dceee49ee4be0d83e42a1	0.794	351522	682745.318927	-0.004	0	Original YAML and stats match dataset/method/k/ef/lbq/cycle.
deep1b.r10.ansmet.ef0030.queue0033	deep1b	r10	ansmet	0.840000	0.84	501649.171652	478422	30		33	verified_original_yaml_stats	ae/figure18/configs/deep1b/r10/ansmet/ansmet_ef0030_queue0033.yaml	a508077b83f67394e60612ed188e5f7493b869a034ce18f132ea805e628efc19	MFANNS/simulator/memory/20260605/002_deep1b_t2i1b_k10_recall75_99_ansmet_mfnns/yamls_round4_curve_fill/deep1b_ansmet_k10_curvefill_ef0030_q0033.yaml	fa782041e8fc8afefdc6c3ad5cc9a5461457f777eda574356bb7a437787c8723	MFANNS/simulator/memory/20260605/002_deep1b_t2i1b_k10_recall75_99_ansmet_mfnns/logs_round4_curve_fill/deep1b_ansmet_k10_curvefill_ef0030_q0033_stats.yml	bd4931e8f176f362164becb063cfaea9bca3cce2fb7c860bb7727c44140baba1	0.841	478422	501649.171652	-0.001	0	Original YAML and stats match dataset/method/k/ef/lbq/cycle.
deep1b.r10.ansmet.ef0040.queue0033	deep1b	r10	ansmet	0.870000	0.87	367775.509829	652572	40		33	verified_original_yaml_stats	ae/figure18/configs/deep1b/r10/ansmet/ansmet_ef0040_queue0033.yaml	6fddd592e813ade62899fd5f52be3d10e8e42f27121ad4e1ae0b512700e4baea	MFANNS/simulator/memory/20260605/002_deep1b_t2i1b_k10_recall75_99_ansmet_mfnns/yamls_round4_curve_fill/deep1b_ansmet_k10_curvefill_ef0040_q0033.yaml	531b9dfa103c7918fa0a6ce59c5ba740261acc1c1a13ed3508de01f8c9e608ab	MFANNS/simulator/memory/20260605/002_deep1b_t2i1b_k10_recall75_99_ansmet_mfnns/logs_round4_curve_fill/deep1b_ansmet_k10_curvefill_ef0040_q0033_stats.yml	7a0e71389fa292852eedbda7ca1b20858f6067ede239ab9a16b07402d52c6c97	0.87	652572	367775.509829	0	0	Original YAML and stats match dataset/method/k/ef/lbq/cycle.
deep1b.r10.ansmet.ef0050.queue0033	deep1b	r10	ansmet	0.890000	0.89	285002.796590	842097	50		33	verified_original_yaml_stats	ae/figure18/configs/deep1b/r10/ansmet/ansmet_ef0050_queue0033.yaml	6ce3c932c9f153b0c8997fab1f1b2a4c70dabb8495832c070edadd30fbf4fb2d	MFANNS/simulator/memory/20260605/002_deep1b_t2i1b_k10_recall75_99_ansmet_mfnns/yamls_round4_curve_fill/deep1b_ansmet_k10_curvefill_ef0050_q0033.yaml	a392c23e2900e9c47171edb724427d56774939edd02e6a014665b6f0f7ffd5ad	MFANNS/simulator/memory/20260605/002_deep1b_t2i1b_k10_recall75_99_ansmet_mfnns/logs_round4_curve_fill/deep1b_ansmet_k10_curvefill_ef0050_q0033_stats.yml	9921b5b3c76e58f7d747f1d503323b7d0738265414c431b137b868c1c5336fd1	0.89	842097	285002.796590	0	0	Original YAML and stats match dataset/method/k/ef/lbq/cycle.
deep1b.r10.ansmet.ef0060.queue0033	deep1b	r10	ansmet	0.910000	0.91	227208.824791	1056297	60		33	verified_original_yaml_stats	ae/figure18/configs/deep1b/r10/ansmet/ansmet_ef0060_queue0033.yaml	5ff16706310daa49ee64b5690df3b5601859105dd94402ccbbb46723a2fcc326	MFANNS/simulator/memory/20260605/002_deep1b_t2i1b_k10_recall75_99_ansmet_mfnns/yamls_round4_curve_fill/deep1b_ansmet_k10_curvefill_ef0060_q0033.yaml	afc490447e48ec73276dc3dde26e0801caf78bd3e429cfd9fcc4c153c462a31f	MFANNS/simulator/memory/20260605/002_deep1b_t2i1b_k10_recall75_99_ansmet_mfnns/logs_round4_curve_fill/deep1b_ansmet_k10_curvefill_ef0060_q0033_stats.yml	527d274283a51eedab18a01f93d779a9729599f822d3c94124e2710ecc59eb96	0.911	1056297	227208.824791	-0.001	0	Original YAML and stats match dataset/method/k/ef/lbq/cycle.
deep1b.r10.ansmet.ef0080.queue0033	deep1b	r10	ansmet	0.940000	0.94	154121.893721	1557209	80		33	verified_original_yaml_stats	ae/figure18/configs/deep1b/r10/ansmet/ansmet_ef0080_queue0033.yaml	0682456aa75487255b564c346eba55d4047076d5585afbd3628b22d135fa3e76	MFANNS/simulator/memory/20260605/002_deep1b_t2i1b_k10_recall75_99_ansmet_mfnns/yamls_round2_deep1b_fast800/deep1b_ansmet_k10_fast800_ef0080_q0033.yaml	99e53e81ae6e6bb82545c538d9e7ef2de68a3f5b203b77882b3b243be4b7b370	MFANNS/simulator/memory/20260605/002_deep1b_t2i1b_k10_recall75_99_ansmet_mfnns/logs_round2_deep1b_fast800/deep1b_ansmet_k10_fast800_ef0080_q0033_stats.yml	fddd248a264f22267bcab8df9c21d6c8e080b172836ea5260c403398c3c7d916	0.941	1557209	154121.893721	-0.001	0	Original YAML and stats match dataset/method/k/ef/lbq/cycle.
deep1b.r10.ansmet.ef0120.queue0033	deep1b	r10	ansmet	0.960000	0.96	85287.937407	2813997	120		33	verified_original_yaml_stats	ae/figure18/configs/deep1b/r10/ansmet/ansmet_ef0120_queue0033.yaml	3f5d0fcbbf10cd44172a6270df0aff42315d1ccbd9a5214568271bcc5f99c398	MFANNS/simulator/memory/20260605/002_deep1b_t2i1b_k10_recall75_99_ansmet_mfnns/yamls_round4_curve_fill/deep1b_ansmet_k10_curvefill_ef0120_q0033.yaml	c427581504167a99ece152b5c3ecd07b3a2439da00bc01ae790193d91d3ec501	MFANNS/simulator/memory/20260605/002_deep1b_t2i1b_k10_recall75_99_ansmet_mfnns/logs_round4_curve_fill/deep1b_ansmet_k10_curvefill_ef0120_q0033_stats.yml	1ff3b7653ad7849ba16df5df671bd19ccd1d26d44625b9ce49d9c13bfb0c279c	0.963	2813997	85287.937407	-0.003	0	Original YAML and stats match dataset/method/k/ef/lbq/cycle.
deep1b.r10.ansmet.ef0160.queue0033	deep1b	r10	ansmet	0.970000	0.97	55487.198410	4325322	160		33	verified_original_yaml_stats	ae/figure18/configs/deep1b/r10/ansmet/ansmet_ef0160_queue0033.yaml	6247e610becdd5fd501873df2e615d45a030df8f0656ac660ce788039f722f57	MFANNS/simulator/memory/20260605/002_deep1b_t2i1b_k10_recall75_99_ansmet_mfnns/yamls_round4_curve_fill/deep1b_ansmet_k10_curvefill_ef0160_q0033.yaml	55645731679318adfcfc3385bcba21b1427c2367a0a57237b2eea5c2bbb8e6e5	MFANNS/simulator/memory/20260605/002_deep1b_t2i1b_k10_recall75_99_ansmet_mfnns/logs_round4_curve_fill/deep1b_ansmet_k10_curvefill_ef0160_q0033_stats.yml	07c25e27cfb23ec76809a332297da6113c5c3e0439c2f759bab467c54fb04061	0.974	4325322	55487.198410	-0.004	0	Original YAML and stats match dataset/method/k/ef/lbq/cycle.
deep1b.r10.ansmet.ef0200.queue0033	deep1b	r10	ansmet	0.978000	0.98	39912.213087	6013197	200		33	verified_original_yaml_stats	ae/figure18/configs/deep1b/r10/ansmet/ansmet_ef0200_queue0033.yaml	bd7edb49a5e943feb0b820764d65933388cb605dd67fc6e7464bfd1dd6c28551	MFANNS/simulator/memory/20260605/002_deep1b_t2i1b_k10_recall75_99_ansmet_mfnns/yamls_round2_deep1b_fast800/deep1b_ansmet_k10_fast800_ef0200_q0033.yaml	1c96ec7765ece87f0dcb1351c2afea2f1fb7e6d3d539386fc3e55314a3a86ec5	MFANNS/simulator/memory/20260605/002_deep1b_t2i1b_k10_recall75_99_ansmet_mfnns/logs_round2_deep1b_fast800/deep1b_ansmet_k10_fast800_ef0200_q0033_stats.yml	a9b2f67e6e25b2f4959b53a7c00257defa0b622f32146a07973d0596f4252fc2	0.978	6013197	39912.213087	0	0	Original YAML and stats match dataset/method/k/ef/lbq/cycle.
deep1b.r10.ansmet.ef0250.queue0033	deep1b	r10	ansmet	0.981000	0.98	29333.050758	8181897	250		33	verified_original_yaml_stats	ae/figure18/configs/deep1b/r10/ansmet/ansmet_ef0250_queue0033.yaml	abea03390ff6e1ba65b1034d087fb59af9c7f1f2cc2a7b6d77b59711daa39b40	MFANNS/simulator/memory/20260614/007_deep1b_r10_requested_ansmet250_mfnns18_200/yamls/deep1b_r10_ansmet_requested_ef0250_q0033.yaml	ac7e77b0a2ae2cae3b3063e9e791fdd18425b562cb2ab6106cf4af7c0d724fbc	MFANNS/simulator/memory/20260614/007_deep1b_r10_requested_ansmet250_mfnns18_200/logs/deep1b_r10_ansmet_requested_ef0250_q0033_stats.yml	4f94b4988e871474998a9f1a594362e63afad6124b1252d044721951d88abc5a	0.982	8181897	29333.050758	-0.001	0	Original YAML and stats match dataset/method/k/ef/lbq/cycle.
deep1b.r10.ansmet.ef0300.queue0033	deep1b	r10	ansmet	0.983000	0.98	22657.279756	10592622	300		33	verified_original_yaml_stats	ae/figure18/configs/deep1b/r10/ansmet/ansmet_ef0300_queue0033.yaml	7dee5ab3b82589966feb84141a6ad31521ec3375926456b36d7fee159a94bf52	MFANNS/simulator/memory/20260614/010_deep1b_r10_requested_ansmet300_400/yamls/deep1b_r10_ansmet_requested_ef0300_q0033.yaml	a0939f8b46dc66a654c40e8b853c1130f251e56ea7932d6b710ac714b0a5b58c	MFANNS/simulator/memory/20260614/010_deep1b_r10_requested_ansmet300_400/logs/deep1b_r10_ansmet_requested_ef0300_q0033_stats.yml	6cf55fbdff86ba682622d33081f5cf357e033fd2eac2d24028c626f6cf31dbde	0.984	10592622	22657.279756	-0.001	0	Original YAML and stats match dataset/method/k/ef/lbq/cycle.
deep1b.r10.ansmet.ef0400.queue0033	deep1b	r10	ansmet	0.987000	0.99	15738.507840	15249222	400		33	verified_original_yaml_stats	ae/figure18/configs/deep1b/r10/ansmet/ansmet_ef0400_queue0033.yaml	afc83fd7b39a2bcac03319341b451fc574b61bd367ce8cf9d385fd28eda34075	MFANNS/simulator/memory/20260614/010_deep1b_r10_requested_ansmet300_400/yamls/deep1b_r10_ansmet_requested_ef0400_q0033.yaml	721be3e71c49ad3d046a1a6afef71af47ede765ecaa87a3b34163ae0f7807144	MFANNS/simulator/memory/20260614/010_deep1b_r10_requested_ansmet300_400/logs/deep1b_r10_ansmet_requested_ef0400_q0033_stats.yml	a2cccfcd3b20e5f215da6a4b9d68d1232762ab23335937f628d24ce92939fd7d	0.987	15249222	15738.507840	0	0	Original YAML and stats match dataset/method/k/ef/lbq/cycle.
deep1b.r10.mfnns.ef0010.lbq0005	deep1b	r10	mfnns	0.642000	0.64	1779794.878640	134847	10	5	5	verified_original_yaml_stats	ae/figure18/configs/deep1b/r10/mfnns/mfnns_ef0010_lbq0005.yaml	9da2079a4b110c7303e6299ead9079ccd83d84c22fbcaa3f7ae1c647e21dbe7e	MFANNS/simulator/memory/20260613/003_recall10_deep1b_mfnns_lowef_lbq_requested/yamls/deep1b_r10_mfnns_requested_ef0010_q0005.yaml	7f27f040d991dd68875bdd217c59e34e137b9df27fcb92feec3968642673304c	MFANNS/simulator/memory/20260613/003_recall10_deep1b_mfnns_lowef_lbq_requested/logs/deep1b_r10_mfnns_requested_ef0010_q0005_stats.yml	aa4917b951fd48636db8230b353413cbb7b20dc78941772214cb7acb3129d677	0.642	134847	1779794.878640	0	0	Original YAML and stats match dataset/method/k/ef/lbq/cycle.
deep1b.r10.mfnns.ef0012.lbq0006	deep1b	r10	mfnns	0.683000	0.68	1503081.316699	159672	12	6	6	verified_original_yaml_stats	ae/figure18/configs/deep1b/r10/mfnns/mfnns_ef0012_lbq0006.yaml	5c3d1b7a18981c6fa4f664a7fa7d9596b772ed3291355995dc06817c588ff3dc	MFANNS/simulator/memory/20260614/009_deep1b_r10_requested_ansmet12_mfnns12_250_300/yamls/deep1b_r10_mfnns_requested_ef0012_q0006.yaml	823e33e73ca8f00485a91f8056c153e4745b5a21075aea39271cad0916ccf6a2	MFANNS/simulator/memory/20260614/009_deep1b_r10_requested_ansmet12_mfnns12_250_300/logs/deep1b_r10_mfnns_requested_ef0012_q0006_stats.yml	a5e660dedf098000f2d18c2283610cdf848f20127ea401da4e8f819bec41af3f	0.683	159672	1503081.316699	0	0	Original YAML and stats match dataset/method/k/ef/lbq/cycle.
deep1b.r10.mfnns.ef0014.lbq0010	deep1b	r10	mfnns	0.722000	0.72	1310959.622444	183072	14	10	10	verified_original_yaml_stats	ae/figure18/configs/deep1b/r10/mfnns/mfnns_ef0014_lbq0010.yaml	475a4eb3521c664f2caf3ea06f5e1ec186f243e7762c4746178a3e9af102c20b	MFANNS/simulator/memory/20260613/003_recall10_deep1b_mfnns_lowef_lbq_requested/yamls/deep1b_r10_mfnns_requested_ef0014_q0010.yaml	06b5e120740aac825756db0d97dd881eb6782b611ddc17a4dd605f1263667f3e	MFANNS/simulator/memory/20260613/003_recall10_deep1b_mfnns_lowef_lbq_requested/logs/deep1b_r10_mfnns_requested_ef0014_q0010_stats.yml	967175c3341d8f6b54043330c54f3a9abf6b769c77d483e975cec88e7141899d	0.722	183072	1310959.622444	0	0	Original YAML and stats match dataset/method/k/ef/lbq/cycle.
deep1b.r10.mfnns.ef0016.lbq0008	deep1b	r10	mfnns	0.750000	0.75	1160277.886554	206847	16	8	8	verified_original_yaml_stats	ae/figure18/configs/deep1b/r10/mfnns/mfnns_ef0016_lbq0008.yaml	a8f655f319995af256c9e1fc7f80dcae362a680f4d212b0804aa386874c462d3	MFANNS/simulator/memory/20260614/008_deep1b_r10_requested_ansmet120_mfnns16q8/yamls/deep1b_r10_mfnns_requested_ef0016_q0008.yaml	dedefa47baec3ec9aa3b0359587b24a97a2d12df7d9dbc256c645a05ccd2cc4d	MFANNS/simulator/memory/20260614/008_deep1b_r10_requested_ansmet120_mfnns16q8/logs/deep1b_r10_mfnns_requested_ef0016_q0008_stats.yml	0805be23aa24083f6c9522985812d7547e6c4bb75a70c9b2e03ab13de729a8d7	0.749	206847	1160277.886554	0.001	0	Original YAML and stats match dataset/method/k/ef/lbq/cycle.
deep1b.r10.mfnns.ef0018.lbq0010	deep1b	r10	mfnns	0.760000	0.76	1075283.269936	223197	18	10	10	verified_original_yaml_stats	ae/figure18/configs/deep1b/r10/mfnns/mfnns_ef0018_lbq0010.yaml	8b729bb9f623708bad724e213ac01713eda9cf75b66e069d8b0993d8b7ed9990	MFANNS/simulator/memory/20260614/007_deep1b_r10_requested_ansmet250_mfnns18_200/yamls/deep1b_r10_mfnns_requested_ef0018_q0010.yaml	17fb6c28c6768942868c04cba3b27f83f44da719622f6558b2f7d0130f1af28a	MFANNS/simulator/memory/20260614/007_deep1b_r10_requested_ansmet250_mfnns18_200/logs/deep1b_r10_mfnns_requested_ef0018_q0010_stats.yml	1cafe012eb00398251e6ad6cf7766a4f70ca07ce40146b0eb7d38a5211db3b09	0.755	223197	1075283.269936	0.005	0	Original YAML and stats match dataset/method/k/ef/lbq/cycle.
deep1b.r10.mfnns.ef0022.lbq0010	deep1b	r10	mfnns	0.800000	0.80	929162.940336	258297	22	10	10	verified_original_yaml_stats	ae/figure18/configs/deep1b/r10/mfnns/mfnns_ef0022_lbq0010.yaml	97fa4cf4fe8c0b667895f1a445de6a70c8bc703aaac528d272116893c2fc038a	MFANNS/simulator/memory/20260613/003_recall10_deep1b_mfnns_lowef_lbq_requested/yamls/deep1b_r10_mfnns_requested_ef0022_q0010.yaml	6c3b1945e3105f9367459ccdd261c6dcb1d57f65107746cb54ea96eff4917e83	MFANNS/simulator/memory/20260613/003_recall10_deep1b_mfnns_lowef_lbq_requested/logs/deep1b_r10_mfnns_requested_ef0022_q0010_stats.yml	3f8f6bff6143da867cd79c4f158c4b9b14df330c509e436fac7c3ddbd1081ace	0.797	258297	929162.940336	0.003	0	Original YAML and stats match dataset/method/k/ef/lbq/cycle.
deep1b.r10.mfnns.ef0030.lbq0015	deep1b	r10	mfnns	0.832000	0.83	677684.690256	354147	30	15	15	verified_original_yaml_stats	ae/figure18/configs/deep1b/r10/mfnns/mfnns_ef0030_lbq0015.yaml	bf68f491d6eb51bd731a98a3fbd0078412afd8509bf7c0511003f8dbf811188e	MFANNS/simulator/memory/20260613/003_recall10_deep1b_mfnns_lowef_lbq_requested/yamls/deep1b_r10_mfnns_requested_ef0030_q0015.yaml	5739f253eb23f1a2493014222c12671a01ad11322282cda0844e55046d746a37	MFANNS/simulator/memory/20260613/003_recall10_deep1b_mfnns_lowef_lbq_requested/logs/deep1b_r10_mfnns_requested_ef0030_q0015_stats.yml	cff0e552b1036594b9f73d242a286b612aab5fc817541d601ea7b72461c33f85	0.832	354147	677684.690256	0	0	Original YAML and stats match dataset/method/k/ef/lbq/cycle.
deep1b.r10.mfnns.ef0035.lbq0020	deep1b	r10	mfnns	0.860000	0.86	560228.012801	428397	35	20	20	verified_original_yaml_stats	ae/figure18/configs/deep1b/r10/mfnns/mfnns_ef0035_lbq0020.yaml	d84ae52493a2436eb152a1be7c3422109cb050238174e24ab9d81e007f0c5d0e	MFANNS/simulator/memory/20260614/001_deep1b_r10_requested_ansmet_mfnns_points/yamls/deep1b_r10_mfnns_requested_ef0035_q0020.yaml	0b3d9960851afbcedda37067197ffe0d7f7a2db1f843e72bb59f43026f6ac965	MFANNS/simulator/memory/20260614/001_deep1b_r10_requested_ansmet_mfnns_points/logs/deep1b_r10_mfnns_requested_ef0035_q0020_stats.yml	a7fd4e3f56396dfc8c0c54eb01ffeeb74e3d81b496884fe1894b709fbb149f2b	0.858	428397	560228.012801	0.002	0	Original YAML and stats match dataset/method/k/ef/lbq/cycle.
deep1b.r10.mfnns.ef0040.lbq0040	deep1b	r10	mfnns	0.880000	0.88	439080.346215	546597	40	40	41	reconstructed_from_same_panel_template	ae/figure18/configs/deep1b/r10/mfnns/mfnns_ef0040_lbq0040.yaml	e4ebd685610957db36ad1f2f92d44fb747f15a89c28523ee4b16b34e3e98b8b7	MFANNS/simulator/memory/20260605/002_deep1b_t2i1b_k10_recall75_99_ansmet_mfnns/yamls_round4_curve_fill/deep1b_mfnns_k10_curvefill_ef0040_q0041.yaml	c45339365fde1716a7180ad8283c1c303858a1a27b979b4e8809df506200801f	MFANNS/simulator/memory/20260605/002_deep1b_t2i1b_k10_recall75_99_ansmet_mfnns/logs_round4_curve_fill/deep1b_mfnns_k10_curvefill_ef0040_q0041_stats.yml	b46e894a97a699d4a7d3d76523fc7a1eb86d7f58dbb6894df008c3ad930c4ed3	0.875	546597	439080.346215	0.005	0	No original same-parameter YAML was found; ef/LBQueue are reconstructed from the nearest same-panel template.
deep1b.r10.mfnns.ef0060.lbq0060	deep1b	r10	mfnns	0.920000	0.92	273061.773400	878922	60	60	61	reconstructed_from_same_panel_template	ae/figure18/configs/deep1b/r10/mfnns/mfnns_ef0060_lbq0060.yaml	ff801e80b967a869f96d161462199b36e2c190694ee09ac30af1b9297f3ef147	MFANNS/simulator/memory/20260605/002_deep1b_t2i1b_k10_recall75_99_ansmet_mfnns/yamls_round4_curve_fill/deep1b_mfnns_k10_curvefill_ef0060_q0061.yaml	85bcf2a4be8d423914e93860c03b6ea3e2931f97bc8b4f8b5b64929bae590551	MFANNS/simulator/memory/20260605/002_deep1b_t2i1b_k10_recall75_99_ansmet_mfnns/logs_round4_curve_fill/deep1b_mfnns_k10_curvefill_ef0060_q0061_stats.yml	988ba5e46cb45f298d49eedac29a72f7b4cccf6423c1430eec0c03fa2112f578	0.914	878922	273061.773400	0.006	0	No original same-parameter YAML was found; ef/LBQueue are reconstructed from the nearest same-panel template.
deep1b.r10.mfnns.ef0080.lbq0040	deep1b	r10	mfnns	0.930000	0.93	206292.434999	1163397	80	40	40	verified_original_yaml_stats	ae/figure18/configs/deep1b/r10/mfnns/mfnns_ef0080_lbq0040.yaml	5a1a7b6ffc47fdcd88d42c099ff448629e531797fba491b98580e5b6c3175b53	MFANNS/simulator/memory/20260614/005_deep1b_r10_mfnns_half_lbq_requested/yamls/deep1b_r10_mfnns_halflbq_ef0080_q0040.yaml	766e3557840752a9c97ef9d4be950d9a7aa3b1029a2d2290c1009416e0c82571	MFANNS/simulator/memory/20260614/005_deep1b_r10_mfnns_half_lbq_requested/logs/deep1b_r10_mfnns_halflbq_ef0080_q0040_stats.yml	3aab395cc342dd619b32ee1481139e2a8f56c585ae75cb67815dee7254ed89bc	0.924	1163397	206292.434999	0.006	0	Original YAML and stats match dataset/method/k/ef/lbq/cycle.
deep1b.r10.mfnns.ef0100.lbq0120	deep1b	r10	mfnns	0.950000	0.95	118848.830230	2019372	100	120	120	original_yaml_cycle_mismatch	ae/figure18/configs/deep1b/r10/mfnns/mfnns_ef0100_lbq0120.yaml	d3915bab98c06aaa024b5c49d1b681927758d5adb7f02bcecc6b57ec67e15e8b	MFANNS/simulator/memory/20260616/001_deep1b_r10_requested_mfnns100q120/yamls/deep1b_r10_mfnns_requested_ef0100_q0120.yaml	184efb4c76ee2e8fd686c17867d4f8986f5e64fea457139a1195f866f657f7c1	MFANNS/simulator/memory/20260616/001_deep1b_r10_requested_mfnns100q120/logs/deep1b_r10_mfnns_requested_ef0100_q0120_stats.yml	d3e183d2e1ad50c4531418dca934401feb2b24f20ba5d0c4d5111886400fee2d	0.948	1837047	130644.452755	0.002	182325	Original same-parameter YAML exists, but its recorded cycle does not match the frozen plot row.
deep1b.r10.mfnns.ef0120.lbq0180	deep1b	r10	mfnns	0.960000	0.96	96478.649878	2487597	120	180	180	verified_original_yaml_stats	ae/figure18/configs/deep1b/r10/mfnns/mfnns_ef0120_lbq0180.yaml	dbbf74801808bb7fdb41832dbf34309866ad871b266f68d40e7ec5fe91262390	MFANNS/simulator/memory/20260616/001_deep1b_r10_requested_mfnns_120q80_120q180_160q220_200q280/yamls/deep1b_r10_mfnns_requested_ef0120_q0180.yaml	8cf419cb28d9d27ce9bd2438a66e9b82c5e6498dbfb8bb34bf3d1977eaf1bb23	MFANNS/simulator/memory/20260616/001_deep1b_r10_requested_mfnns_120q80_120q180_160q220_200q280/logs/deep1b_r10_mfnns_requested_ef0120_q0180_stats.yml	ea0194a5377c769ef51979b7cd0af01ce27e7970ec8ed3f639868621aef0f864	0.957	2487597	96478.649878	0.003	0	Original YAML and stats match dataset/method/k/ef/lbq/cycle.
deep1b.r10.mfnns.ef0200.lbq0200	deep1b	r10	mfnns	0.973000	0.97	52304.708928	4588497	200	200	200	verified_original_yaml_stats	ae/figure18/configs/deep1b/r10/mfnns/mfnns_ef0200_lbq0200.yaml	321b54ce71860638a14e7e9417661cfd754f5e764ea0cf453fc0aa09041fd733	MFANNS/simulator/memory/20260614/007_deep1b_r10_requested_ansmet250_mfnns18_200/yamls/deep1b_r10_mfnns_requested_ef0200_q0200.yaml	75df20e13fd1bc1e907d55ac2e7df4cc36e9ca418875e0bfdca66423fa65e003	MFANNS/simulator/memory/20260614/007_deep1b_r10_requested_ansmet250_mfnns18_200/logs/deep1b_r10_mfnns_requested_ef0200_q0200_stats.yml	d0bcf75890c75cb608c72078c0a9c385f329f5f7aca8aa9e8daa8d78213a8313	0.973	4588497	52304.708928	0	0	Original YAML and stats match dataset/method/k/ef/lbq/cycle.
deep1b.r10.mfnns.ef0250.lbq0350	deep1b	r10	mfnns	0.984000	0.98	35712.308783	6720372	250	350	350	verified_original_yaml_stats	ae/figure18/configs/deep1b/r10/mfnns/mfnns_ef0250_lbq0350.yaml	caa24380597eb8bf6e41677f489b570308ef27c4064f94c3196ceb188114c37a	MFANNS/simulator/memory/20260614/011_deep1b_r10_requested_mfnns250q350_300q420/yamls/deep1b_r10_mfnns_requested_ef0250_q0350.yaml	78d343828c217d87129faf2029b5b9cd4b28c95cf7d58c7c357a38ff939d33d4	MFANNS/simulator/memory/20260614/011_deep1b_r10_requested_mfnns250q350_300q420/logs/deep1b_r10_mfnns_requested_ef0250_q0350_stats.yml	33879ab7bdc397fc20cd00f194f20b8e0d96324589172a6be9d895235a2d1970	0.984	6720372	35712.308783	0	0	Original YAML and stats match dataset/method/k/ef/lbq/cycle.
deep1b.r10.mfnns.ef0300.lbq0420	deep1b	r10	mfnns	0.986000	0.99	28306.319669	8478672	300	420	420	verified_original_yaml_stats	ae/figure18/configs/deep1b/r10/mfnns/mfnns_ef0300_lbq0420.yaml	9bf02aaa29c7738ca4303ea44cbcdf009e6da57c444c17129da6d853defaee65	MFANNS/simulator/memory/20260614/011_deep1b_r10_requested_mfnns250q350_300q420/yamls/deep1b_r10_mfnns_requested_ef0300_q0420.yaml	86431a588f6b7ded56d35b072ad3961733c011a5efee4ed08ebf1b49729f83d7	MFANNS/simulator/memory/20260614/011_deep1b_r10_requested_mfnns250q350_300q420/logs/deep1b_r10_mfnns_requested_ef0300_q0420_stats.yml	222d268a0747e17d2d1cde4ee94fa131450cb28623279c257df984a1fc9b7156	0.986	8478672	28306.319669	0	0	Original YAML and stats match dataset/method/k/ef/lbq/cycle.
t2i1b.r100.ansmet.ef0040.queue0100	t2i1b	r100	ansmet	0.617000	0.62	128159.122366	1872672	40		100	verified_original_yaml_stats	ae/figure18/configs/t2i1b/r100/ansmet/ansmet_ef0040_queue0100.yaml	ac258cb458f702075c77c7f2e8d5183f8f05f1aedfd2a2815c1317400ea459c7	MFANNS/simulator/memory/20260614/015_t2i1b_ansmet_r100_lowef_r10_50_135/yamls/t2i1b_r100_ansmet_requested_ef0040_q0100.yaml	0c68178deca4049925f879ee4c40fc9ccf140867f35079b2099f06d968cdb687	MFANNS/simulator/memory/20260614/015_t2i1b_ansmet_r100_lowef_r10_50_135/logs/t2i1b_r100_ansmet_requested_ef0040_q0100_stats.yml	516a73f2ab1d8174ba0cf8f3c04db00dcc25868cfde15fbad3c9501088639f78	0.6174	1872672	128159.122366	-0.0004	0	Original YAML and stats match dataset/method/k/ef/lbq/cycle.
t2i1b.r100.ansmet.ef0060.queue0100	t2i1b	r100	ansmet	0.710000	0.71	90559.305591	2650197	60		100	verified_original_yaml_stats	ae/figure18/configs/t2i1b/r100/ansmet/ansmet_ef0060_queue0100.yaml	b34e04f9cd48a0730ea4e5bc3403d16de4900e90ea61658bc46c69a5479f2261	MFANNS/simulator/memory/20260611/024_recall100_detailed_direct_pareto_grid/yamls/t2i1b_r100_ansmet_ef0060_q0100.yaml	f1d16ae4280a362ea34967230acbb5a97d5f8ba3f986834c33affb35adbd3112	MFANNS/simulator/memory/20260611/024_recall100_detailed_direct_pareto_grid/logs/t2i1b_r100_ansmet_ef0060_q0100_stats.yml	2471728b2f1cd122351fb77111ff5fb0f8b6afdc40983076d22cedce15183985	0.7103	2650197	90559.305591	-0.0003	0	Original YAML and stats match dataset/method/k/ef/lbq/cycle.
t2i1b.r100.ansmet.ef0080.queue0100	t2i1b	r100	ansmet	0.760000	0.76	68027.268731	3527997	80		100	verified_original_yaml_stats	ae/figure18/configs/t2i1b/r100/ansmet/ansmet_ef0080_queue0100.yaml	5c0775cd610dab6294b9ae3b1effec175b8baf25150fc24cd8aa5e7c457c64c8	MFANNS/simulator/memory/20260611/024_recall100_detailed_direct_pareto_grid/yamls/t2i1b_r100_ansmet_ef0080_q0100.yaml	2a020dd668ff02376cfeeb3fe1a539c2dda1c3011ce12ffc94f1bcbf8ecf719e	MFANNS/simulator/memory/20260611/024_recall100_detailed_direct_pareto_grid/logs/t2i1b_r100_ansmet_ef0080_q0100_stats.yml	64b945479fb3a25ce4708204141edb8b17356fb03fd251c33edd902f2b0d841f	0.7617	3527997	68027.268731	-0.0017	0	Original YAML and stats match dataset/method/k/ef/lbq/cycle.
t2i1b.r100.ansmet.ef0120.queue0100	t2i1b	r100	ansmet	0.800000	0.80	43239.760690	5550447	120		100	verified_original_yaml_stats	ae/figure18/configs/t2i1b/r100/ansmet/ansmet_ef0120_queue0100.yaml	eec53387adec13f7a55ab932ce839852ea57087adeca67a9657d5573d0c504e7	MFANNS/simulator/memory/20260611/024_recall100_detailed_direct_pareto_grid/yamls/t2i1b_r100_ansmet_ef0120_q0100.yaml	344870353c11b81cab69f6fb244dc248ca2b752be034cc41720020c52032e84e	MFANNS/simulator/memory/20260611/024_recall100_detailed_direct_pareto_grid/logs/t2i1b_r100_ansmet_ef0120_q0100_stats.yml	3a7d26a1a220a5eeff86afd9703fe4bd53332f6978b1e51b35796dd6ac220f40	0.8084	5550447	43239.760690	-0.0084	0	Original YAML and stats match dataset/method/k/ef/lbq/cycle.
t2i1b.r100.ansmet.ef0150.queue0100	t2i1b	r100	ansmet	0.840000	0.84	32026.274355	7493847	150		100	verified_original_yaml_stats	ae/figure18/configs/t2i1b/r100/ansmet/ansmet_ef0150_queue0100.yaml	e5def18bea886b1fd7286b4df0f871c468273947651f8daa746ebff8f8942213	MFANNS/simulator/memory/20260611/024_recall100_detailed_direct_pareto_grid/yamls/t2i1b_r100_ansmet_ef0150_q0100.yaml	544d0d3c707decf7dfb74c483334052578dd6fd00db6afb2ed53a595b49f4ffb	MFANNS/simulator/memory/20260611/024_recall100_detailed_direct_pareto_grid/logs/t2i1b_r100_ansmet_ef0150_q0100_stats.yml	ab3eff297b857ae5b3eac8bba5e6017452ef0e25439cfd937c21a1503ca84537	0.84	7493847	32026.274355	0	0	Original YAML and stats match dataset/method/k/ef/lbq/cycle.
t2i1b.r100.ansmet.ef0180.queue0100	t2i1b	r100	ansmet	0.870000	0.87	25134.911638	9548472	180		100	verified_original_yaml_stats	ae/figure18/configs/t2i1b/r100/ansmet/ansmet_ef0180_queue0100.yaml	a24e56bb6c92168f4c45ee7b98dcda029db6f09f3464b86d7ff52b8393014083	MFANNS/simulator/memory/20260611/024_recall100_detailed_direct_pareto_grid/yamls/t2i1b_r100_ansmet_ef0180_q0100.yaml	f47086850a8f4783e7ee1ee568714071ebdca93b4f9b42e3d793482c0929e359	MFANNS/simulator/memory/20260611/024_recall100_detailed_direct_pareto_grid/logs/t2i1b_r100_ansmet_ef0180_q0100_stats.yml	f47aef6b281cff595548a0a6b5ef223d7735727de9fcfbea88359a20a3059cfb	0.87	9548472	25134.911638	0	0	Original YAML and stats match dataset/method/k/ef/lbq/cycle.
t2i1b.r100.ansmet.ef0250.queue0100	t2i1b	r100	ansmet	0.890000	0.89	16462.602421	14578497	250		100	verified_original_yaml_stats	ae/figure18/configs/t2i1b/r100/ansmet/ansmet_ef0250_queue0100.yaml	c39e85b6adf5fe8f63ed0cc94b550451c4254e176ac8561a440df3aaa314c4b1	MFANNS/simulator/memory/20260611/024_recall100_detailed_direct_pareto_grid/yamls/t2i1b_r100_ansmet_ef0250_q0100.yaml	f0be80cdedef47dc9691affe6dac539ebf30042e90c23cf2ff714aee2033e34e	MFANNS/simulator/memory/20260611/024_recall100_detailed_direct_pareto_grid/logs/t2i1b_r100_ansmet_ef0250_q0100_stats.yml	2fb63628988347d6ec575c5124b4ca2f28ab216ad295e3dff8dcec3af6e388e2	0.8899	14578497	16462.602421	0.0001	0	Original YAML and stats match dataset/method/k/ef/lbq/cycle.
t2i1b.r100.ansmet.ef0350.queue0100	t2i1b	r100	ansmet	0.920000	0.92	11123.046758	21576822	350		100	verified_original_yaml_stats	ae/figure18/configs/t2i1b/r100/ansmet/ansmet_ef0350_queue0100.yaml	74ac33433cf351d6f285e0023e0e5ab3cb08dac05d4c868e3139c38aa5e8a8f2	MFANNS/simulator/memory/20260611/024_recall100_detailed_direct_pareto_grid/yamls/t2i1b_r100_ansmet_ef0350_q0100.yaml	46992de915f5584cc0717d270a95bed29f46dbf8f702a28628826e2f875941c8	MFANNS/simulator/memory/20260611/024_recall100_detailed_direct_pareto_grid/logs/t2i1b_r100_ansmet_ef0350_q0100_stats.yml	146cb243063b7714db64e7ae0074515a82125e61b28f3b7f649d8faece2c9773	0.9238	21576822	11123.046758	-0.0038	0	Original YAML and stats match dataset/method/k/ef/lbq/cycle.
t2i1b.r100.ansmet.ef0500.queue0100	t2i1b	r100	ansmet	0.940000	0.94	7277.524485	32978247	500		100	verified_original_yaml_stats	ae/figure18/configs/t2i1b/r100/ansmet/ansmet_ef0500_queue0100.yaml	5925e11475b2bd7a20b737e0e627b165eabf7714996113a588325bf75108630b	MFANNS/simulator/memory/20260611/024_recall100_detailed_direct_pareto_grid/yamls/t2i1b_r100_ansmet_ef0500_q0100.yaml	d2917b61b9c36490889c4a6cdd5804ae8d6802535d14330cebde48cf621e0a9e	MFANNS/simulator/memory/20260611/024_recall100_detailed_direct_pareto_grid/logs/t2i1b_r100_ansmet_ef0500_q0100_stats.yml	d0e70550bd89385258a64e2bec10f54af84159a30185669bccb9b1769c342955	0.9441	32978247	7277.524485	-0.0041	0	Original YAML and stats match dataset/method/k/ef/lbq/cycle.
t2i1b.r100.ansmet.ef0800.queue0100	t2i1b	r100	ansmet	0.958600	0.96	4280.885141	56063172	800		100	verified_original_yaml_stats	ae/figure18/configs/t2i1b/r100/ansmet/ansmet_ef0800_queue0100.yaml	4bf1c1971927e524fcebb8d441a6a9b30ddf29bacdd712d6f788e1dfde0158c6	MFANNS/simulator/memory/20260610/002_t2i1b_recall100_direct_gtcheck_scale/yamls/t2i1b_r100_ansmet_ef0800_q0100.yaml	bd12a09beec97b87d66c98496bc946d2a1d2c439311f0661b7e05ea76f14bf12	MFANNS/simulator/memory/20260610/002_t2i1b_recall100_direct_gtcheck_scale/logs/t2i1b_r100_ansmet_ef0800_q0100_stats.yml	c8927d27518c117e53ae1d01f034d5b46f40cf4c7a33094ada8fbbd5e0460da0	0.9586	56063172	4280.885141	0	0	Original YAML and stats match dataset/method/k/ef/lbq/cycle.
t2i1b.r100.ansmet.ef1000.queue0100	t2i1b	r100	ansmet	0.970000	0.97	3355.824489	71517447	1000		100	verified_original_yaml_stats	ae/figure18/configs/t2i1b/r100/ansmet/ansmet_ef1000_queue0100.yaml	fc74cf5b2be4578258995e11c673b0e450725ea44ab98086f2af3e0f2c0de05b	MFANNS/simulator/memory/20260611/024_recall100_detailed_direct_pareto_grid/yamls/t2i1b_r100_ansmet_ef1000_q0100.yaml	d749d068cecdc59f4bc17868f224b2b5b6337a325dbcd5a55020f8d7cfaff43f	MFANNS/simulator/memory/20260611/024_recall100_detailed_direct_pareto_grid/logs/t2i1b_r100_ansmet_ef1000_q0100_stats.yml	122f733d40bc8c000b5b8bbd77948b2039e906aa02a3c720784621ce4130668a	0.9629	71517447	3355.824489	0.0071	0	Original YAML and stats match dataset/method/k/ef/lbq/cycle.
t2i1b.r100.mfnns.ef0040.lbq0300	t2i1b	r100	mfnns	0.594000	0.59	207550.155792	1156347	40	300	300	reconstructed_from_same_panel_template	ae/figure18/configs/t2i1b/r100/mfnns/mfnns_ef0040_lbq0300.yaml	85424a7f35c96b0a60cb8c5cde6bf9e285b73d0f2ec2aa88a8dd4cd2c6f8d565	MFANNS/simulator/memory/20260611/024_recall100_detailed_direct_pareto_grid/yamls/t2i1b_r100_mfnns_ef0060_q0300.yaml	2f51b501245dfc9bd6f03ded0f6b43100ed783aa9fb43a1d85d60f77fdcf98bc	MFANNS/simulator/memory/20260611/024_recall100_detailed_direct_pareto_grid/logs/t2i1b_r100_mfnns_ef0060_q0300_stats.yml	a802f8f608bf589001960b72d27f216eaaa9316c3e5679289056a341368c2723	0.6733	1731822	138582.371629	-0.0793	-575475	No original same-parameter YAML was found; ef/LBQueue are reconstructed from the nearest same-panel template.
t2i1b.r100.mfnns.ef0060.lbq0400	t2i1b	r100	mfnns	0.710000	0.71	126039.034289	1904172	60	400	400	verified_original_yaml_stats	ae/figure18/configs/t2i1b/r100/mfnns/mfnns_ef0060_lbq0400.yaml	5ea2ce266218000739cefba8d67b1efecf790377f8e49346d9ef6e5e5cf55e1d	MFANNS/simulator/memory/20260613/001_recall100_ansmet_ef_aligned_mfnns_lbq_fill/yamls/t2i1b_r100_mfnns_aligned_ef0060_q0400.yaml	2aa7785461617d9aa7a12f3d3c8e988dc0c4038d760b3b847be0e3fcc4f61d9f	MFANNS/simulator/memory/20260613/001_recall100_ansmet_ef_aligned_mfnns_lbq_fill/logs/t2i1b_r100_mfnns_aligned_ef0060_q0400_stats.yml	7ee99cb7a4ae6fad8d8dfde60623ae6b59ecaeca91707ca0e5ff60be175091f9	0.706	1904172	126039.034289	0.004	0	Original YAML and stats match dataset/method/k/ef/lbq/cycle.
t2i1b.r100.mfnns.ef0080.lbq0400	t2i1b	r100	mfnns	0.750000	0.75	90016.698097	2666172	80	400	400	verified_original_yaml_stats	ae/figure18/configs/t2i1b/r100/mfnns/mfnns_ef0080_lbq0400.yaml	307d59b767770c3f5670054f9605f4864dc226965beef22b375c899854be5114	MFANNS/simulator/memory/20260611/024_recall100_detailed_direct_pareto_grid/yamls/t2i1b_r100_mfnns_ef0080_q0400.yaml	82a4364fc2245725ea6126565ebe600bd7d1673afd30d2b311432c4c36d678da	MFANNS/simulator/memory/20260611/024_recall100_detailed_direct_pareto_grid/logs/t2i1b_r100_mfnns_ef0080_q0400_stats.yml	c23a1e5c5f23a0b15b7c2ce0c66b0bce9faf4aef5008e5f789aa336bcede41a9	0.7491	2666172	90016.698097	0.0009	0	Original YAML and stats match dataset/method/k/ef/lbq/cycle.
t2i1b.r100.mfnns.ef0100.lbq0600	t2i1b	r100	mfnns	0.790000	0.79	62869.917426	3817406	100	600	600	verified_original_yaml_stats	ae/figure18/configs/t2i1b/r100/mfnns/mfnns_ef0100_lbq0600.yaml	507c58e1eb60997ed0fa929e8aee5378df5495493be02e1302a86bf252d9d570	MFANNS/simulator/memory/20260611/024_recall100_detailed_direct_pareto_grid/yamls/t2i1b_r100_mfnns_ef0100_q0600.yaml	5c9eb0cd838ed8e8cf095c4b71383c3c1bd55c79d6f2ce183866736a0e77363c	MFANNS/simulator/memory/20260611/024_recall100_detailed_direct_pareto_grid/logs/t2i1b_r100_mfnns_ef0100_q0600_stats.yml	dc43f17c898bfb1cd833421f916f09186d718eec2510efc2f3c0fa25d579688c	0.7846	3817406	62869.917426	0.0054	0	Original YAML and stats match dataset/method/k/ef/lbq/cycle.
t2i1b.r100.mfnns.ef0130.lbq0700	t2i1b	r100	mfnns	0.820000	0.82	45726.069976	5248647	130	700	800	reconstructed_from_same_panel_template	ae/figure18/configs/t2i1b/r100/mfnns/mfnns_ef0130_lbq0700.yaml	d4181717fa7168f2841aefc323bcfe90393166b67e2e8352ce16fd6957d871c4	MFANNS/simulator/memory/20260613/001_recall100_ansmet_ef_aligned_mfnns_lbq_fill/yamls/t2i1b_r100_mfnns_aligned_ef0120_q0800.yaml	d342aeff5dec1232ce00b96c6a7132b1b93adf6ef72d254053637f35511cca7d	MFANNS/simulator/memory/20260613/001_recall100_ansmet_ef_aligned_mfnns_lbq_fill/logs/t2i1b_r100_mfnns_aligned_ef0120_q0800_stats.yml	80af9d378f50a088ef8269db1f5f3b7cf5809458a964ffb328b5de34f65d832e	0.8078	4978197	48210.225509	0.0122	270450	No original same-parameter YAML was found; ef/LBQueue are reconstructed from the nearest same-panel template.
t2i1b.r100.mfnns.ef0150.lbq0800	t2i1b	r100	mfnns	0.840000	0.84	38382.669457	6252822	150	800	800	verified_original_yaml_stats	ae/figure18/configs/t2i1b/r100/mfnns/mfnns_ef0150_lbq0800.yaml	e70db58cbd6954d759cdbab36eb652f975575d8cc0ccfd72cddb8a7ac0d96ab3	MFANNS/simulator/memory/20260611/024_recall100_detailed_direct_pareto_grid/yamls/t2i1b_r100_mfnns_ef0150_q0800.yaml	6559f07e4efe33ddd6aef91616826baab09ad18bb4d4e4dc0ed8e42ec645dcdf	MFANNS/simulator/memory/20260611/024_recall100_detailed_direct_pareto_grid/logs/t2i1b_r100_mfnns_ef0150_q0800_stats.yml	04ff1e091a1952e24f89ea46f431c650897ca76a10cc62d06e331ec06cbd5af7	0.838	6252822	38382.669457	0.002	0	Original YAML and stats match dataset/method/k/ef/lbq/cycle.
t2i1b.r100.mfnns.ef0200.lbq0800	t2i1b	r100	mfnns	0.860000	0.86	28762.762577	8344122	200	800	800	verified_original_yaml_stats	ae/figure18/configs/t2i1b/r100/mfnns/mfnns_ef0200_lbq0800.yaml	edf1c6876e3f662e95ffb6d14441199ffc65253d09b0ad2d6468a28b64d34847	MFANNS/simulator/memory/20260611/024_recall100_detailed_direct_pareto_grid/yamls/t2i1b_r100_mfnns_ef0200_q0800.yaml	923bd6726775515b27e94ebc5b8ac2d053d3eeedfc07350f1032892afe12c4a4	MFANNS/simulator/memory/20260611/024_recall100_detailed_direct_pareto_grid/logs/t2i1b_r100_mfnns_ef0200_q0800_stats.yml	b5091d8b110264b4613dc9f78722daf38c9896f455ad81997c68525f60cfc60e	0.8618	8344122	28762.762577	-0.0018	0	Original YAML and stats match dataset/method/k/ef/lbq/cycle.
t2i1b.r100.mfnns.ef0250.lbq0800	t2i1b	r100	mfnns	0.880000	0.88	23157.368211	10363872	250	800	800	verified_original_yaml_stats	ae/figure18/configs/t2i1b/r100/mfnns/mfnns_ef0250_lbq0800.yaml	dfbf6b188a6e388c6009093d4368960c4bba558095d0bf9c18215c853fc68684	MFANNS/simulator/memory/20260611/024_recall100_detailed_direct_pareto_grid/yamls/t2i1b_r100_mfnns_ef0250_q0800.yaml	883b62643902244129dc41a8083b35f76d256f898fc489aaad6c546d02223d7d	MFANNS/simulator/memory/20260611/024_recall100_detailed_direct_pareto_grid/logs/t2i1b_r100_mfnns_ef0250_q0800_stats.yml	1e2564096335a5f5427ebadd98b72640a8b2ee5b29da1fb79ef332779b08f316	0.8781	10363872	23157.368211	0.0019	0	Original YAML and stats match dataset/method/k/ef/lbq/cycle.
t2i1b.r100.mfnns.ef0350.lbq1000	t2i1b	r100	mfnns	0.900000	0.90	16388.324630	14644572	350	1000	1000	verified_original_yaml_stats	ae/figure18/configs/t2i1b/r100/mfnns/mfnns_ef0350_lbq1000.yaml	d846806c6eb8dc85e01b94a64d77ca06c0245da6101bf2df43bf331794086694	MFANNS/simulator/memory/20260613/001_recall100_ansmet_ef_aligned_mfnns_lbq_fill/yamls/t2i1b_r100_mfnns_aligned_ef0350_q1000.yaml	d779a044c9751b515fe4943d31cce4d3c957353f6762a3fa03bb5e2874aa91f0	MFANNS/simulator/memory/20260613/001_recall100_ansmet_ef_aligned_mfnns_lbq_fill/logs/t2i1b_r100_mfnns_aligned_ef0350_q1000_stats.yml	b7f60d20b61a9ffb323d2a55550aedba02015f3052e444e12b16cb512af8172b	0.8977	14644572	16388.324630	0.0023	0	Original YAML and stats match dataset/method/k/ef/lbq/cycle.
t2i1b.r100.mfnns.ef0300.lbq2000	t2i1b	r100	mfnns	0.912000	0.91	15560.950883	15423222	300	2000	2000	verified_original_yaml_stats	ae/figure18/configs/t2i1b/r100/mfnns/mfnns_ef0300_lbq2000.yaml	6c0ce3ee194fe96432600a6ef2707a8142f0c8ce56b954d447ba1ab3f09d26c0	MFANNS/simulator/memory/20260613/001_recall100_ansmet_ef_aligned_mfnns_lbq_fill/yamls/t2i1b_r100_mfnns_aligned_ef0300_q2000.yaml	83a613f5c9fcd3b1221ba03fa658de0f61061ec2fde271edcfd7ca8e386d2250	MFANNS/simulator/memory/20260613/001_recall100_ansmet_ef_aligned_mfnns_lbq_fill/logs/t2i1b_r100_mfnns_aligned_ef0300_q2000_stats.yml	d40d41918a4c3dd24d9995e55c0ecd683426605a3426b34727ad81b47d3d5695	0.9119	15423222	15560.950883	0.0001	0	Original YAML and stats match dataset/method/k/ef/lbq/cycle.
t2i1b.r100.mfnns.ef0500.lbq2500	t2i1b	r100	mfnns	0.943000	0.94	9201.670011	26082222	500	2500	2500	verified_original_yaml_stats	ae/figure18/configs/t2i1b/r100/mfnns/mfnns_ef0500_lbq2500.yaml	0dc84ad7dd5bbff87c34be6a63ab7e058bb62ffe38f1d84580625e219952bc2f	MFANNS/simulator/memory/20260613/002_t2i1b_r100_requested_mfnns_ef500_700/yamls/t2i1b_r100_mfnns_requested_ef0500_q2500.yaml	33138b3f78c4931fb04d4b00903ebd3a076916c1af32b88116d6714f31d0d9f1	MFANNS/simulator/memory/20260613/002_t2i1b_r100_requested_mfnns_ef500_700/logs/t2i1b_r100_mfnns_requested_ef0500_q2500_stats.yml	0654f999245746509877011d158e3140da3c842c2a240240b2d5267a94a15358	0.943	26082222	9201.670011	0	0	Original YAML and stats match dataset/method/k/ef/lbq/cycle.
t2i1b.r100.mfnns.ef0600.lbq3500	t2i1b	r100	mfnns	0.950000	0.95	7238.706013	33155097	600	3500	3500	reconstructed_from_same_panel_template	ae/figure18/configs/t2i1b/r100/mfnns/mfnns_ef0600_lbq3500.yaml	02489db932108f61f1442f4370776082623830f1e5747cf3c77bad24462ebbf3	MFANNS/simulator/memory/20260613/002_t2i1b_r100_requested_mfnns_ef500_700/yamls/t2i1b_r100_mfnns_requested_ef0700_q3500.yaml	8d83280129b5ef416c9440674e2cd4064b1b49d58db620cd5b84aca11e0e4087	MFANNS/simulator/memory/20260613/002_t2i1b_r100_requested_mfnns_ef500_700/logs/t2i1b_r100_mfnns_requested_ef0700_q3500_stats.yml	326005b4b0a30598ba27fe3156a807255b3402af791e34f901120eb5a9b41d85	0.9524	38050047	6307.482353	-0.0024	-4894950	No original same-parameter YAML was found; ef/LBQueue are reconstructed from the nearest same-panel template.
t2i1b.r100.mfnns.ef0800.lbq4300	t2i1b	r100	mfnns	0.960000	0.96	5341.220892	44933547	800	4300	3500	reconstructed_from_same_panel_template	ae/figure18/configs/t2i1b/r100/mfnns/mfnns_ef0800_lbq4300.yaml	1e98e9bf33404aba69883791661b51c58b42f060651ca16ce7b75f508c1a50d2	MFANNS/simulator/memory/20260613/002_t2i1b_r100_requested_mfnns_ef500_700/yamls/t2i1b_r100_mfnns_requested_ef0700_q3500.yaml	8d83280129b5ef416c9440674e2cd4064b1b49d58db620cd5b84aca11e0e4087	MFANNS/simulator/memory/20260613/002_t2i1b_r100_requested_mfnns_ef500_700/logs/t2i1b_r100_mfnns_requested_ef0700_q3500_stats.yml	326005b4b0a30598ba27fe3156a807255b3402af791e34f901120eb5a9b41d85	0.9524	38050047	6307.482353	0.0076	6883500	No original same-parameter YAML was found; ef/LBQueue are reconstructed from the nearest same-panel template.
t2i1b.r100.mfnns.ef1000.lbq6000	t2i1b	r100	mfnns	0.964000	0.96	4063.213650	59066547	1000	6000	2000	reconstructed_from_same_panel_template	ae/figure18/configs/t2i1b/r100/mfnns/mfnns_ef1000_lbq6000.yaml	ed4ff1dcb9dcbac8fba14eb2b983fb3907fa570802a56279d415d087eb72ef14	MFANNS/simulator/memory/20260611/024_recall100_detailed_direct_pareto_grid/yamls/t2i1b_r100_mfnns_ef1000_q2000.yaml	7411264193a8dc3587bcd113d1a6329ab697c775231e177f4d8d91c2af16943f	MFANNS/simulator/memory/20260611/024_recall100_detailed_direct_pareto_grid/logs/t2i1b_r100_mfnns_ef1000_q2000_stats.yml	92fecc783cdd39a974ea08ecf4251023747196e7b7a605c37334b3f1eaa93ecc	0.9311	41917872	5725.481484	0.0329	17148675	No original same-parameter YAML was found; ef/LBQueue are reconstructed from the nearest same-panel template.
deep1b.r100.ansmet.ef0020.queue0100	deep1b	r100	ansmet	0.640000	0.64	622694.085963	385422	20		100	verified_original_yaml_stats	ae/figure18/configs/deep1b/r100/ansmet/ansmet_ef0020_queue0100.yaml	7e24bbf81c3273e7021077fd22c75e1efbbde818bed9dda119b9442c4efbad72	MFANNS/simulator/memory/20260614/012_deep1b_r100_requested_ansmet20_30_250_300/yamls/deep1b_r100_ansmet_requested_ef0020_q0100.yaml	4c15ca3a9f1461cb8cfbacc74b9fc334ffb6c9735b4ac41de338205925c5d2d9	MFANNS/simulator/memory/20260614/012_deep1b_r100_requested_ansmet20_30_250_300/logs/deep1b_r100_ansmet_requested_ef0020_q0100_stats.yml	de8e4b406e62be3beb6a6298058cb174f4ce0d8491a0ee14bcd77725bc4f97f7	0.6431	385422	622694.085963	-0.0031	0	Original YAML and stats match dataset/method/k/ef/lbq/cycle.
deep1b.r100.ansmet.ef0030.queue0100	deep1b	r100	ansmet	0.728000	0.73	451597.242999	531447	30		100	verified_original_yaml_stats	ae/figure18/configs/deep1b/r100/ansmet/ansmet_ef0030_queue0100.yaml	a4f589b4465b3094581229ce857a47afb85aacee88721158b304bf54f03dbd78	MFANNS/simulator/memory/20260614/012_deep1b_r100_requested_ansmet20_30_250_300/yamls/deep1b_r100_ansmet_requested_ef0030_q0100.yaml	8b62124e48c5071fc99c3fb47512305a571f951c6d3fd6b301e2b11a99499497	MFANNS/simulator/memory/20260614/012_deep1b_r100_requested_ansmet20_30_250_300/logs/deep1b_r100_ansmet_requested_ef0030_q0100_stats.yml	61d339d3d1d65999e04b163e0979bcc69a7196b1069a942f4880dfee7e0841ec	0.7282	531447	451597.242999	-0.0002	0	Original YAML and stats match dataset/method/k/ef/lbq/cycle.
deep1b.r100.ansmet.ef0040.queue0100	deep1b	r100	ansmet	0.780000	0.78	340318.367833	705222	40		100	verified_original_yaml_stats	ae/figure18/configs/deep1b/r100/ansmet/ansmet_ef0040_queue0100.yaml	af2da8171252b47480f0e99d813ae30d7cbe88f8ccfa50978015a8cfac700d5a	MFANNS/simulator/memory/20260611/024_recall100_detailed_direct_pareto_grid/yamls/deep1b_r100_ansmet_ef0040_q0100.yaml	4b4981f08431bf2ebe20deb93174e4ec39f7b8306c5bad099611ec3b0ce62d82	MFANNS/simulator/memory/20260611/024_recall100_detailed_direct_pareto_grid/logs/deep1b_r100_ansmet_ef0040_q0100_stats.yml	51a1af499fd8f6d5e83cb329591baac79136918fd403820cc494f98ae803b138	0.78	705222	340318.367833	0	0	Original YAML and stats match dataset/method/k/ef/lbq/cycle.
deep1b.r100.ansmet.ef0050.queue0100	deep1b	r100	ansmet	0.810000	0.81	269202.554732	891522	50		100	verified_original_yaml_stats	ae/figure18/configs/deep1b/r100/ansmet/ansmet_ef0050_queue0100.yaml	4d6a004dcbf46751b8fff92355f38069f6419a5b2fd0ce81f13a955829743c11	MFANNS/simulator/memory/20260611/024_recall100_detailed_direct_pareto_grid/yamls/deep1b_r100_ansmet_ef0050_q0100.yaml	1e8a0321b99fc51d1d0571eb174b57851f62c4f550299aa57afb8bc6c599e31d	MFANNS/simulator/memory/20260611/024_recall100_detailed_direct_pareto_grid/logs/deep1b_r100_ansmet_ef0050_q0100_stats.yml	5da152636c8822f4b3b0809ca2f3a6ae1ca5e6c8fb11577840ba513e13f6daa8	0.8147	891522	269202.554732	-0.0047	0	Original YAML and stats match dataset/method/k/ef/lbq/cycle.
deep1b.r100.ansmet.ef0070.queue0100	deep1b	r100	ansmet	0.850000	0.85	182838.475919	1312634	70		100	verified_original_yaml_stats	ae/figure18/configs/deep1b/r100/ansmet/ansmet_ef0070_queue0100.yaml	298e53161906387379508fdaa51bdbb91103d0edcbe20f489573165c8ebdb25a	MFANNS/simulator/memory/20260611/024_recall100_detailed_direct_pareto_grid/yamls/deep1b_r100_ansmet_ef0070_q0100.yaml	7dedc22cb88a475b01cf9d0268b303ea43cec1ea65b08268055bd8acf2d085aa	MFANNS/simulator/memory/20260611/024_recall100_detailed_direct_pareto_grid/logs/deep1b_r100_ansmet_ef0070_q0100_stats.yml	a38513827c01905c3bf311448ab27a2c000e79dd46e7a17d3823524271767403	0.8543	1312634	182838.475919	-0.0043	0	Original YAML and stats match dataset/method/k/ef/lbq/cycle.
deep1b.r100.ansmet.ef0095.queue0100	deep1b	r100	ansmet	0.890000	0.89	122479.661997	1959509	95		100	verified_original_yaml_stats	ae/figure18/configs/deep1b/r100/ansmet/ansmet_ef0095_queue0100.yaml	16681e2ca2969293de89ff41f3c81727e14bae2308234e74a0448fdb49e89507	MFANNS/simulator/memory/20260611/024_recall100_detailed_direct_pareto_grid/yamls/deep1b_r100_ansmet_ef0095_q0100.yaml	71d786e5237652bc53adebc735f455b7c7d728a23ce76d036dea73b77f7d5619	MFANNS/simulator/memory/20260611/024_recall100_detailed_direct_pareto_grid/logs/deep1b_r100_ansmet_ef0095_q0100_stats.yml	372fca72d4fa00ec3ec6c000bd6f0f3f2717a3541a71d9b4d6b8e4d43375733a	0.8946	1959509	122479.661997	-0.0046	0	Original YAML and stats match dataset/method/k/ef/lbq/cycle.
deep1b.r100.ansmet.ef0130.queue0100	deep1b	r100	ansmet	0.920000	0.92	77101.398619	3112784	130		100	verified_original_yaml_stats	ae/figure18/configs/deep1b/r100/ansmet/ansmet_ef0130_queue0100.yaml	ceeb9c695f9b21114f17b022a7ae0e5906cf2416ac1344ee791f83f3b012e16f	MFANNS/simulator/memory/20260611/024_recall100_detailed_direct_pareto_grid/yamls/deep1b_r100_ansmet_ef0130_q0100.yaml	05c593286d6184933c107c4ec05f38dbda391ca70c41b92aba9e48585e11874b	MFANNS/simulator/memory/20260611/024_recall100_detailed_direct_pareto_grid/logs/deep1b_r100_ansmet_ef0130_q0100_stats.yml	ef49a8b1d2ffd73ac38f4f8a9bbcdd5559986c6d345a3849976fb8f5879db544	0.922	3112784	77101.398619	-0.002	0	Original YAML and stats match dataset/method/k/ef/lbq/cycle.
deep1b.r100.ansmet.ef0180.queue0100	deep1b	r100	ansmet	0.940000	0.94	46751.528483	5133522	180		100	verified_original_yaml_stats	ae/figure18/configs/deep1b/r100/ansmet/ansmet_ef0180_queue0100.yaml	b6a144aa74700678881882ef729a21c9caf75f13456f8691f879dbe2043d44c4	MFANNS/simulator/memory/20260611/024_recall100_detailed_direct_pareto_grid/yamls/deep1b_r100_ansmet_ef0180_q0100.yaml	0866baba29cca310b2a2dcf48ef145e461da3e69cb3524956f9f7a55d3a40249	MFANNS/simulator/memory/20260611/024_recall100_detailed_direct_pareto_grid/logs/deep1b_r100_ansmet_ef0180_q0100_stats.yml	c36ff6a4b89c2412089e800e73154a3661dcd0bea78cb07b9223e1787a704431	0.9437	5133522	46751.528483	-0.0037	0	Original YAML and stats match dataset/method/k/ef/lbq/cycle.
deep1b.r100.ansmet.ef0220.queue0100	deep1b	r100	ansmet	0.950000	0.95	35110.448694	6835572	220		100	verified_original_yaml_stats	ae/figure18/configs/deep1b/r100/ansmet/ansmet_ef0220_queue0100.yaml	8dad7d157136d97c16d11a682d5f8109d66f42449310bc8d8a750a23fee2c136	MFANNS/simulator/memory/20260611/024_recall100_detailed_direct_pareto_grid/yamls/deep1b_r100_ansmet_ef0220_q0100.yaml	614e55afeb2cb2073631a75f40d7d7bc0dac657eb1597873667a291470f41841	MFANNS/simulator/memory/20260611/024_recall100_detailed_direct_pareto_grid/logs/deep1b_r100_ansmet_ef0220_q0100_stats.yml	2c8ebf0d7fceb582cf40973a98f513376560aa714c86a15fb96d423aa5033372	0.9542	6835572	35110.448694	-0.0042	0	Original YAML and stats match dataset/method/k/ef/lbq/cycle.
deep1b.r100.ansmet.ef0250.queue0100	deep1b	r100	ansmet	0.960000	0.96	29333.050758	8181897	250		100	verified_original_yaml_stats	ae/figure18/configs/deep1b/r100/ansmet/ansmet_ef0250_queue0100.yaml	111f650bc3612ee83cef88dae5b7a5b31e59cf5253f53e9a7b09e481942868ee	MFANNS/simulator/memory/20260614/012_deep1b_r100_requested_ansmet20_30_250_300/yamls/deep1b_r100_ansmet_requested_ef0250_q0100.yaml	5451d03659d0b01ff2486c1013535cd9b99619969de8c6e24c87a82de9c94921	MFANNS/simulator/memory/20260614/012_deep1b_r100_requested_ansmet20_30_250_300/logs/deep1b_r100_ansmet_requested_ef0250_q0100_stats.yml	ae0141a101326fef18c0e353267f48b59fee424b4e4c43f62b809c9ddc9058f8	0.9628	8181897	29333.050758	-0.0028	0	Original YAML and stats match dataset/method/k/ef/lbq/cycle.
deep1b.r100.ansmet.ef0300.queue0100	deep1b	r100	ansmet	0.970000	0.97	22657.279756	10592622	300		100	verified_original_yaml_stats	ae/figure18/configs/deep1b/r100/ansmet/ansmet_ef0300_queue0100.yaml	8d6a4e8d9b757b5cb1df66e035cfece41789114d206e5f8fe21a69d5dadb11bc	MFANNS/simulator/memory/20260614/012_deep1b_r100_requested_ansmet20_30_250_300/yamls/deep1b_r100_ansmet_requested_ef0300_q0100.yaml	74158c91828f79c8facc0505acef535aca388820bf4425c3e73e07ea5af70b98	MFANNS/simulator/memory/20260614/012_deep1b_r100_requested_ansmet20_30_250_300/logs/deep1b_r100_ansmet_requested_ef0300_q0100_stats.yml	60942fe973317ef8763db96ffed15e4c4645f81258c509be9d873a2f9078ce46	0.9711	10592622	22657.279756	-0.0011	0	Original YAML and stats match dataset/method/k/ef/lbq/cycle.
deep1b.r100.mfnns.ef0020.lbq0010	deep1b	r100	mfnns	0.632000	0.63	988276.569198	242847	20	10	10	verified_original_yaml_stats	ae/figure18/configs/deep1b/r100/mfnns/mfnns_ef0020_lbq0010.yaml	779d79795c16d6cb85dd5cd391d1c5d0fdf10c35ddbc44113aa41fe8fa58b8ce	MFANNS/simulator/memory/20260614/014_deep1b_mfnns_r10_250q300_400q500_r100_20q10_30q15/yamls/deep1b_r100_mfnns_requested_ef0020_q0010.yaml	8d32a73306ef3d881cea653ad0f3a4db23c7e9ba46a401dcc57c66943ea8c6af	MFANNS/simulator/memory/20260614/014_deep1b_mfnns_r10_250q300_400q500_r100_20q10_30q15/logs/deep1b_r100_mfnns_requested_ef0020_q0010_stats.yml	5b60d6344432a27a1db608987cca7514063ea9263a4925a6d6cab8bfcaf5ce19	0.6317	242847	988276.569198	0.0003	0	Original YAML and stats match dataset/method/k/ef/lbq/cycle.
deep1b.r100.mfnns.ef0030.lbq0015	deep1b	r100	mfnns	0.720000	0.72	663630.556869	361647	30	15	15	verified_original_yaml_stats	ae/figure18/configs/deep1b/r100/mfnns/mfnns_ef0030_lbq0015.yaml	ea8c704fd91493b971816cc395071d15260942726fdfed0f9e6c24c0cc2c51bd	MFANNS/simulator/memory/20260614/014_deep1b_mfnns_r10_250q300_400q500_r100_20q10_30q15/yamls/deep1b_r100_mfnns_requested_ef0030_q0015.yaml	e5e61f0cded22c5e220cef06724593412ce09620f99875a9717046e3a5ca4e08	MFANNS/simulator/memory/20260614/014_deep1b_mfnns_r10_250q300_400q500_r100_20q10_30q15/logs/deep1b_r100_mfnns_requested_ef0030_q0015_stats.yml	597548157c36fe93733a5ae054fa84d022e5c64b018fef7ed188f714243eeb00	0.7149	361647	663630.556869	0.0051	0	Original YAML and stats match dataset/method/k/ef/lbq/cycle.
deep1b.r100.mfnns.ef0040.lbq0020	deep1b	r100	mfnns	0.770000	0.77	477472.261846	502647	40	20	20	verified_original_yaml_stats	ae/figure18/configs/deep1b/r100/mfnns/mfnns_ef0040_lbq0020.yaml	1775a2fe37e6ead5450fed81a70d175fbb4bf17f155bc04e5e81925095d03807	MFANNS/simulator/memory/20260611/024_recall100_detailed_direct_pareto_grid/yamls/deep1b_r100_mfnns_ef0040_q0020.yaml	82eb1f59255b6414be3480491d77ae20e79a1f5d2a193b9d28fdf19509d59e11	MFANNS/simulator/memory/20260611/024_recall100_detailed_direct_pareto_grid/logs/deep1b_r100_mfnns_ef0040_q0020_stats.yml	1a300da702300d0aad3a092be87a03ca80c8dc6122ba44edcb9a1d400c9252d2	0.7679	502647	477472.261846	0.0021	0	Original YAML and stats match dataset/method/k/ef/lbq/cycle.
deep1b.r100.mfnns.ef0050.lbq0020	deep1b	r100	mfnns	0.800000	0.80	365006.798252	657522	50	20	20	verified_original_yaml_stats	ae/figure18/configs/deep1b/r100/mfnns/mfnns_ef0050_lbq0020.yaml	2df4fe849a4d0643263b60fc4772ce24cce3afad0eff8276e7c6776cfbeb58bf	MFANNS/simulator/memory/20260611/024_recall100_detailed_direct_pareto_grid/yamls/deep1b_r100_mfnns_ef0050_q0020.yaml	1b84ce6c0be44a007e5feb7ca9f98a28eddf663ea74d57c082734be6b5a02d0e	MFANNS/simulator/memory/20260611/024_recall100_detailed_direct_pareto_grid/logs/deep1b_r100_mfnns_ef0050_q0020_stats.yml	530032de85d2dae3c039a4ed3ae1aa59421259aeafc6581ccf146ca94ce765a1	0.801	657522	365006.798252	-0.001	0	Original YAML and stats match dataset/method/k/ef/lbq/cycle.
deep1b.r100.mfnns.ef0060.lbq0020	deep1b	r100	mfnns	0.830000	0.83	292692.921222	819972	60	20	20	verified_original_yaml_stats	ae/figure18/configs/deep1b/r100/mfnns/mfnns_ef0060_lbq0020.yaml	5f6381f8baf571b276cc9a6e9a25e5388d5977ffeafe449bdab1866897860386	MFANNS/simulator/memory/20260611/024_recall100_detailed_direct_pareto_grid/yamls/deep1b_r100_mfnns_ef0060_q0020.yaml	379877b04faaefc6116e47835905e70d0927fb92713092f84dc3304701a30824	MFANNS/simulator/memory/20260611/024_recall100_detailed_direct_pareto_grid/logs/deep1b_r100_mfnns_ef0060_q0020_stats.yml	04dd18604c94ee4f04a329366023a03acb0929eeaa31ae83f9faa25fd42910de	0.8276	819972	292692.921222	0.0024	0	Original YAML and stats match dataset/method/k/ef/lbq/cycle.
deep1b.r100.mfnns.ef0090.lbq0040	deep1b	r100	mfnns	0.870000	0.87	175467.841131	1367772	90	40	40	verified_original_yaml_stats	ae/figure18/configs/deep1b/r100/mfnns/mfnns_ef0090_lbq0040.yaml	2e0b3a15fa2808fe12e35a6bfe9726ab09bc86cb9c70aca4c4c5e80e95ee8293	MFANNS/simulator/memory/20260611/024_recall100_detailed_direct_pareto_grid/yamls/deep1b_r100_mfnns_ef0090_q0040.yaml	fe4135980dfc2649e80551076a77a2a272e6609a576cf9e398a9fc80ab9b52b6	MFANNS/simulator/memory/20260611/024_recall100_detailed_direct_pareto_grid/logs/deep1b_r100_mfnns_ef0090_q0040_stats.yml	7cafcb8748813d3c8c25922cf247bfaf5087e010b7c14b075e2225bdca068c06	0.8705	1367772	175467.841131	-0.0005	0	Original YAML and stats match dataset/method/k/ef/lbq/cycle.
deep1b.r100.mfnns.ef0090.lbq0080	deep1b	r100	mfnns	0.880000	0.88	162017.441178	1481322	90	80	80	verified_original_yaml_stats	ae/figure18/configs/deep1b/r100/mfnns/mfnns_ef0090_lbq0080.yaml	9764a250fc80de62f835aa56c56cb2f4d2e8e6c5bf4ff596e3d018f9f7eacc0a	MFANNS/simulator/memory/20260611/024_recall100_detailed_direct_pareto_grid/yamls/deep1b_r100_mfnns_ef0090_q0080.yaml	d56087a959631c40249c4dd2f66c2b1c3740beb9b243f1649809502cd513a1bf	MFANNS/simulator/memory/20260611/024_recall100_detailed_direct_pareto_grid/logs/deep1b_r100_mfnns_ef0090_q0080_stats.yml	7976f6abfa97ce4601a8dad8888e7a45bea51ce74ad650db7fb917339a428b14	0.8746	1481322	162017.441178	0.0054	0	Original YAML and stats match dataset/method/k/ef/lbq/cycle.
deep1b.r100.mfnns.ef0130.lbq0100	deep1b	r100	mfnns	0.910000	0.91	103076.312548	2328372	130	100	100	verified_original_yaml_stats	ae/figure18/configs/deep1b/r100/mfnns/mfnns_ef0130_lbq0100.yaml	e43c52bfd7b0d85df11d45910ec84e0480b5184bf22d3d214c85635613becfae	MFANNS/simulator/memory/20260611/024_recall100_detailed_direct_pareto_grid/yamls/deep1b_r100_mfnns_ef0130_q0100.yaml	8a8b94403b53e9977a5b3c884a5f68aac8b38bcb2a46f09d6729319ec97bb121	MFANNS/simulator/memory/20260611/024_recall100_detailed_direct_pareto_grid/logs/deep1b_r100_mfnns_ef0130_q0100_stats.yml	8e3298b55bfa90f6914428e33bbb1bd5ed823e4c25f888d6772e13192fff65e7	0.9072	2328372	103076.312548	0.0028	0	Original YAML and stats match dataset/method/k/ef/lbq/cycle.
deep1b.r100.mfnns.ef0150.lbq0100	deep1b	r100	mfnns	0.920000	0.92	89543.150844	2680272	150	100	100	verified_original_yaml_stats	ae/figure18/configs/deep1b/r100/mfnns/mfnns_ef0150_lbq0100.yaml	7bd5452d071bd8533e8c0ca5db22dc3e02e4620691d7071a93a73118e6a80049	MFANNS/simulator/memory/20260611/024_recall100_detailed_direct_pareto_grid/yamls/deep1b_r100_mfnns_ef0150_q0100.yaml	c3dd121837d6f578f4a42ca5b52ad99200825879be4d2506138f23c7a8b797e1	MFANNS/simulator/memory/20260611/024_recall100_detailed_direct_pareto_grid/logs/deep1b_r100_mfnns_ef0150_q0100_stats.yml	c86823475fb14a56ff275c7892531ab682ea3d29f990191bd009c795f9d1f9b5	0.9166	2680272	89543.150844	0.0034	0	Original YAML and stats match dataset/method/k/ef/lbq/cycle.
deep1b.r100.mfnns.ef0180.lbq0220	deep1b	r100	mfnns	0.940000	0.94	56684.361635	4233972	180	220	220	verified_original_yaml_stats	ae/figure18/configs/deep1b/r100/mfnns/mfnns_ef0180_lbq0220.yaml	b4a84ddf7a03de5e6ecb28603442f2af57243bfc0d44725444a68105c14b0889	MFANNS/simulator/memory/20260611/024_recall100_detailed_direct_pareto_grid/yamls/deep1b_r100_mfnns_ef0180_q0220.yaml	caf117a00d96096d04b23fa5b59a629cc26532f844fbfdc05414d955262c8b49	MFANNS/simulator/memory/20260611/024_recall100_detailed_direct_pareto_grid/logs/deep1b_r100_mfnns_ef0180_q0220_stats.yml	1e1295bbb24f5a7657f60b59334804bd871ee6df1817cd905d00a1064e7ad0c4	0.9368	4233972	56684.361635	0.0032	0	Original YAML and stats match dataset/method/k/ef/lbq/cycle.
deep1b.r100.mfnns.ef0220.lbq0300	deep1b	r100	mfnns	0.950000	0.95	42413.340268	5658597	220	300	300	verified_original_yaml_stats	ae/figure18/configs/deep1b/r100/mfnns/mfnns_ef0220_lbq0300.yaml	ab9a2ddcf58ef6e628de20c286e49db67d74e1abad99cd974c1abbae4e18f01c	MFANNS/simulator/memory/20260613/001_recall100_ansmet_ef_aligned_mfnns_lbq_fill/yamls/deep1b_r100_mfnns_aligned_ef0220_q0300.yaml	9fe84bd24994cbf69a0003953b5e8c453ed54a81aa9acd27da8ef24af31cb753	MFANNS/simulator/memory/20260613/001_recall100_ansmet_ef_aligned_mfnns_lbq_fill/logs/deep1b_r100_mfnns_aligned_ef0220_q0300_stats.yml	ddc47fa86e47dcc42a560afabbc49bfd60cfd3fb16a1388fcd11990dddc44202	0.95	5658597	42413.340268	0	0	Original YAML and stats match dataset/method/k/ef/lbq/cycle.
deep1b.r100.mfnns.ef0250.lbq0250	deep1b	r100	mfnns	0.960000	0.96	39095.926253	6138747	250	250	250	verified_original_yaml_stats	ae/figure18/configs/deep1b/r100/mfnns/mfnns_ef0250_lbq0250.yaml	b0a193288f05558b477de054a25f772a0bbcd1b39039624ee6686d6ecf4f9507	MFANNS/simulator/memory/20260614/013_deep1b_r100_requested_mfnns250q250_400q400/yamls/deep1b_r100_mfnns_requested_ef0250_q0250.yaml	a603897629bb525141ce82fce842d0c02261470f717cfccf2bd0b42605eadce5	MFANNS/simulator/memory/20260614/013_deep1b_r100_requested_mfnns250q250_400q400/logs/deep1b_r100_mfnns_requested_ef0250_q0250_stats.yml	d7f01fff5c0f376e7a25ecc81751aec59f0e14c6d58bbc1cd46300d995c8973e	0.9553	6138747	39095.926253	0.0047	0	Original YAML and stats match dataset/method/k/ef/lbq/cycle.
deep1b.r100.mfnns.ef0300.lbq0420	deep1b	r100	mfnns	0.970000	0.97	28306.319669	8478672	300	420	420	verified_original_yaml_stats	ae/figure18/configs/deep1b/r100/mfnns/mfnns_ef0300_lbq0420.yaml	03c554fd4fda5e1c7ed65efcdd8d99cae72b772f8f9c0975bb2d421bfeb36cef	MFANNS/simulator/memory/20260614/018_deep1b_r100_requested_mfnns300q420/yamls/deep1b_r100_mfnns_requested_ef0300_q0420.yaml	4a1731096d054984157832582e2d546d1ce2c03c18aeb4866d295af999da14ae	MFANNS/simulator/memory/20260614/018_deep1b_r100_requested_mfnns300q420/logs/deep1b_r100_mfnns_requested_ef0300_q0420_stats.yml	40815ed3c23e04a8e33a206ed0d1e8ce5b5fb3c65cc459ee821809b99a01668f	0.9676	8478672	28306.319669	0.0024	0	Original YAML and stats match dataset/method/k/ef/lbq/cycle.
