dataset	design	figure_qps	figure_recall	match_status	ef_search	source_queue_or_lbq	source_config_semantics	source_yaml_ref	source_yaml_sha256	source_stats_ref	source_stats_sha256	source_result_qps	source_result_recall	note	config_path
deep10m	cpu	12995.415	0.9036	matched_direct	91	NA	cpu	MFANNS/simulator/memory/20260609/002_gt100_cpu_mfnns_ndpet_same_ansmet_ef_nq1000/yamls/deep10m_normalized_cpu_ef91.yaml	a3d26b6a15faee29684f4f2fe3abbac043fbe13747cc4c9d9f66c909ed678d71	MFANNS/simulator/memory/20260609/002_gt100_cpu_mfnns_ndpet_same_ansmet_ef_nq1000/logs/deep10m_normalized_cpu_ef91_stats.yml	e097c75d93151a04873303d0191a780b1e6972cdc6ccf7a9ce59aa3c6099e632	12995.414860	0.90360000		simulator/run_case/figure14_recall_gt0895/configs/final/k100/deep10m/cpu.yaml
deep10m	ansmet	251276.09	0.90359	matched_direct	91	100	ansmet	MFANNS/simulator/memory/20260605/001_gt100_ansmet_mfnns_nq1000_recall09/yamls_round47_ansmet_fine_after_sample/deep10m_normalized_ansmet_ef91_q100_pre32.yaml	149da23226eece4baf6104f14a2371e11ae7bd4fa7900ddf2cc38e70e0fb2e51	MFANNS/simulator/memory/20260605/001_gt100_ansmet_mfnns_nq1000_recall09/logs_round47_ansmet_fine_after_sample/deep10m_normalized_ansmet_ef91_q100_pre32_stats.yml	4847b8e9bf2d4dbecb3966e98c345db88dbf17e38d32924a66bd0f4609c5da07	251276.089918	0.90359000		simulator/run_case/figure14_recall_gt0895/configs/final/k100/deep10m/ansmet.yaml
deep10m	ndp_base	154631.234	0.96462	matched_direct	91	100	ndp_base	MFANNS/simulator/memory/20260611/026_gt100_missing_ndpbase_ndpet_coverage/yamls/deep10m_normalized_ndp_base_ansmetef91_q100.yaml	ec3b19f6c5710cbdb22a5b92702e04039397ec0045b52790e7a52ce59a47e052	MFANNS/simulator/memory/20260611/026_gt100_missing_ndpbase_ndpet_coverage/logs/deep10m_normalized_ndp_base_ansmetef91_q100_stats.yml	c8b3c56ed6588689349c4f378f08f86a0647247e3e35423895b7e08f299a84c0	154631.234466	0.96462000		simulator/run_case/figure14_recall_gt0895/configs/final/k100/deep10m/ndp_base.yaml
deep10m	ndp_fpma	154631.234	0.96462	figure_copied_from_ndp_base	91	100	derived_ndp_fpma	MFANNS/simulator/memory/20260611/026_gt100_missing_ndpbase_ndpet_coverage/yamls/deep10m_normalized_ndp_base_ansmetef91_q100.yaml	ec3b19f6c5710cbdb22a5b92702e04039397ec0045b52790e7a52ce59a47e052	MFANNS/simulator/memory/20260611/026_gt100_missing_ndpbase_ndpet_coverage/logs/deep10m_normalized_ndp_base_ansmetef91_q100_stats.yml	c8b3c56ed6588689349c4f378f08f86a0647247e3e35423895b7e08f299a84c0	154631.234466	0.96462000	Figure value copied from NDP-Base; config derives the established FPMA timing delta and has no direct k100 result.	simulator/run_case/figure14_recall_gt0895/configs/final/k100/deep10m/ndp_fpma.yaml
deep10m	ndp_et	911033.066	0.8923	matched_direct	35	200	mfnns_global_rowsweep	MFANNS/simulator/memory/20260611/026_gt100_missing_ndpbase_ndpet_coverage/yamls/deep10m_normalized_ndp_et_mfnns_near_target_ef35_q200.yaml	b64c28b9a0a39ba12bb9a78ba503530289f9eb88f28bd91cb6741a1b860eab3e	MFANNS/simulator/memory/20260611/026_gt100_missing_ndpbase_ndpet_coverage/logs/deep10m_normalized_ndp_et_mfnns_near_target_ef35_q200_stats.yml	e7476eb7e6ac6ff81fc31fae837fb0cd6ec2c33469223dc516f071311897d67d	911033.065945	0.89230000	Legacy file is labelled NDP-ET but enables global_coarse_fine_split and rowSweep; preserved exactly to match Figure data.	simulator/run_case/figure14_recall_gt0895/configs/final/k100/deep10m/ndp_et.yaml
deep10m	mfnns	921686.594	0.8923	matched_direct	35	200	mfnns_global_rowsweep	MFANNS/simulator/memory/20260611/021_deep_t2i_edge_formal_nq1000/yamls/deep10m_normalized_mfnns_edge_nq1000_ef35_q200.yaml	06cd5202d87c190f793df361f14501a393a37564e17daf3ad38dd8749a123a6c	MFANNS/simulator/memory/20260611/021_deep_t2i_edge_formal_nq1000/logs/deep10m_normalized_mfnns_edge_nq1000_ef35_q200_stats.yml	134a194305370bdd4a3cf9b1854a90bf44788abff79b59bf8bfcbd189d5c9a16	921686.594299	0.89230000		simulator/run_case/figure14_recall_gt0895/configs/final/k100/deep10m/mfnns.yaml
glove2m	cpu	281.775	0.90464	matched_direct	1500	NA	cpu	MFANNS/simulator/memory/20260609/002_gt100_cpu_mfnns_ndpet_same_ansmet_ef_nq1000/yamls/glove2m_normalized_cpu_ef1500.yaml	839fef18c8a79f1ac3142e115cf143bd89958250418b3b8698dd9695a10226fb	MFANNS/simulator/memory/20260609/002_gt100_cpu_mfnns_ndpet_same_ansmet_ef_nq1000/logs/glove2m_normalized_cpu_ef1500_stats.yml	214a37497090c029ff4ce3170dd7902a1a12fca97815b7240f743e9dcfd7c973	281.775212	0.90464000		simulator/run_case/figure14_recall_gt0895/configs/final/k100/glove2m/cpu.yaml
glove2m	ansmet	4628.689	0.90447	matched_direct	1500	100	ansmet	MFANNS/simulator/memory/20260605/001_gt100_ansmet_mfnns_nq1000_recall09/yamls_tune_round23_glove_formal_refine/glove2m_normalized_ansmet_ef1500_q100.yaml	4427d7d58ee102e64c656539a84e9ec3fc88c348968549acc1b8ebf29efd7318	MFANNS/simulator/memory/20260605/001_gt100_ansmet_mfnns_nq1000_recall09/logs_tune_round23_glove_formal_refine/glove2m_normalized_ansmet_ef1500_q100_stats.yml	96527a688bc4388ee7feef9b694419de6d1d52d78368587b7feaf67bcd9ed9ea	4628.689222	0.90447000		simulator/run_case/figure14_recall_gt0895/configs/final/k100/glove2m/ansmet.yaml
glove2m	ndp_base	3418.924211	0.90294	matched_direct	1500	100	ndp_base	MFANNS/simulator/memory/20260611/026_gt100_missing_ndpbase_ndpet_coverage/yamls/glove2m_normalized_ndp_base_ansmetef1500_q100.yaml	654b66bbeff53a5552d4552785123403d63304f58724726606b93f94a8c0edd5	MFANNS/simulator/memory/20260611/026_gt100_missing_ndpbase_ndpet_coverage/logs/glove2m_normalized_ndp_base_ansmetef1500_q100_stats.yml	f3548cf7f409598a25805bcf98a256b3e65784918ecd3d0cf975d03908eebd80	3418.924211	0.90294000	The late result now replaces the former k10-speedup imputation in the plotted CSV.	simulator/run_case/figure14_recall_gt0895/configs/final/k100/glove2m/ndp_base.yaml
glove2m	ndp_fpma	3418.924211	0.90294	figure_copied_from_ndp_base	1500	100	derived_ndp_fpma	MFANNS/simulator/memory/20260611/026_gt100_missing_ndpbase_ndpet_coverage/yamls/glove2m_normalized_ndp_base_ansmetef1500_q100.yaml	654b66bbeff53a5552d4552785123403d63304f58724726606b93f94a8c0edd5	MFANNS/simulator/memory/20260611/026_gt100_missing_ndpbase_ndpet_coverage/logs/glove2m_normalized_ndp_base_ansmetef1500_q100_stats.yml	f3548cf7f409598a25805bcf98a256b3e65784918ecd3d0cf975d03908eebd80	3418.924211	0.90294000	Figure value copied from the measured NDP-Base point; config derives the established FPMA timing delta and has no direct k100 result.	simulator/run_case/figure14_recall_gt0895/configs/final/k100/glove2m/ndp_fpma.yaml
glove2m	ndp_et	11628.417	0.89323	matched_direct	1200	1800	mfnns_global_rowsweep	MFANNS/simulator/memory/20260611/026_gt100_missing_ndpbase_ndpet_coverage/yamls/glove2m_normalized_ndp_et_mfnns_near_target_ef1200_q1800.yaml	765780953bd2f8f8a98950bc8fac69360c3eaa71e052f336b0403003d8a11ba2	MFANNS/simulator/memory/20260611/026_gt100_missing_ndpbase_ndpet_coverage/logs/glove2m_normalized_ndp_et_mfnns_near_target_ef1200_q1800_stats.yml	07af5b2f51f09ab09028022e519a8dce1635f9bb08596d317e8e732b408f2d7c	11628.416959	0.89323000	Legacy file is labelled NDP-ET but enables global_coarse_fine_split and rowSweep; preserved exactly to match Figure data.	simulator/run_case/figure14_recall_gt0895/configs/final/k100/glove2m/ndp_et.yaml
glove2m	mfnns	11704.761	0.89324	matched_direct	1200	1800	mfnns_global_rowsweep	MFANNS/simulator/memory/20260605/001_gt100_ansmet_mfnns_nq1000_recall09/yamls_tune_round16_glove_formal_refine/glove2m_normalized_mfnns_ef1200_q1800.yaml	9b328f3f672551b7b5f08931f6eaf2fd081f8a113172ab77557b4bf0ed11a605	MFANNS/simulator/memory/20260605/001_gt100_ansmet_mfnns_nq1000_recall09/logs_tune_round16_glove_formal_refine/glove2m_normalized_mfnns_ef1200_q1800_stats.yml	43942a8e484ad38db8c22e59896743b93b9936b4aaa05e5a11611f2d06d405a2	11704.760696	0.89324000		simulator/run_case/figure14_recall_gt0895/configs/final/k100/glove2m/mfnns.yaml
sift1m	cpu	13560.879	0.8999	matched_direct	90	NA	cpu	MFANNS/simulator/memory/20260609/002_gt100_cpu_mfnns_ndpet_same_ansmet_ef_nq1000/yamls/sift1m_normalized_cpu_ef90.yaml	8f74753ea0d3dcb866fc27b12a4ac296683b74b26587deca912f0d71f4fa7edf	MFANNS/simulator/memory/20260609/002_gt100_cpu_mfnns_ndpet_same_ansmet_ef_nq1000/logs/sift1m_normalized_cpu_ef90_stats.yml	b2718342a9c49947ab7526e6a005be397a0ecd2b3db60a18822fc989e3c8b0e4	13560.879466	0.89990000		simulator/run_case/figure14_recall_gt0895/configs/final/k100/sift1m/cpu.yaml
sift1m	ansmet	259113.592	0.89992	matched_direct	90	100	ansmet	MFANNS/simulator/memory/20260605/001_gt100_ansmet_mfnns_nq1000_recall09/yamls_round45_ansmet_eflt100_near09/sift1m_normalized_ansmet_ef90_q100_pre32.yaml	90b23439c145208d8b551c3fec9b2411c90f9cad28ad408a8c3cbc39abe33159	MFANNS/simulator/memory/20260605/001_gt100_ansmet_mfnns_nq1000_recall09/logs_round45_ansmet_eflt100_near09/sift1m_normalized_ansmet_ef90_q100_pre32_stats.yml	1ed8ac85d7888e0638b100f7e484ba7ce5c213e5c37f9dcb1ce55dcb1b90d65f	259113.591836	0.89992000		simulator/run_case/figure14_recall_gt0895/configs/final/k100/sift1m/ansmet.yaml
sift1m	ndp_base	167076.561	0.98352	matched_direct	90	100	ndp_base	MFANNS/simulator/memory/20260611/026_gt100_missing_ndpbase_ndpet_coverage/yamls/sift1m_normalized_ndp_base_ansmetef90_q100.yaml	872c201d0776b667e2b84a45db4e9569857e9698a7f6b01baa64d0a61cb696cb	MFANNS/simulator/memory/20260611/026_gt100_missing_ndpbase_ndpet_coverage/logs/sift1m_normalized_ndp_base_ansmetef90_q100_stats.yml	423a472c9ed7372245808384662c67caf7998173de3f5fb9ac4b97993bff9580	167076.561163	0.98352000		simulator/run_case/figure14_recall_gt0895/configs/final/k100/sift1m/ndp_base.yaml
sift1m	ndp_fpma	167076.561	0.98352	figure_copied_from_ndp_base	90	100	derived_ndp_fpma	MFANNS/simulator/memory/20260611/026_gt100_missing_ndpbase_ndpet_coverage/yamls/sift1m_normalized_ndp_base_ansmetef90_q100.yaml	872c201d0776b667e2b84a45db4e9569857e9698a7f6b01baa64d0a61cb696cb	MFANNS/simulator/memory/20260611/026_gt100_missing_ndpbase_ndpet_coverage/logs/sift1m_normalized_ndp_base_ansmetef90_q100_stats.yml	423a472c9ed7372245808384662c67caf7998173de3f5fb9ac4b97993bff9580	167076.561163	0.98352000	Figure value copied from NDP-Base; config derives the established FPMA timing delta and has no direct k100 result.	simulator/run_case/figure14_recall_gt0895/configs/final/k100/sift1m/ndp_fpma.yaml
sift1m	ndp_et	288036.684	0.97693	figure_manual_override	100	80	mfnns_global_rowsweep	MFANNS/simulator/memory/20260610/005_mfnns_deep_sift_wiki_nq1000_final_from_nq100/yamls/sift1m_normalized_mfnns_nq1000_ef100_q80.yaml	1ecdc5c52bf7c8dece879713517c796b927e0fd239dc95092c9044bc7be0c298	MFANNS/simulator/memory/20260610/005_mfnns_deep_sift_wiki_nq1000_final_from_nq100/logs/sift1m_normalized_mfnns_nq1000_ef100_q80_stats.yml	14718be2a2591a6959da18923b0e48a21ab9b62c82191ce976db7ad0e1f7ad2d	288036.684352	0.97693000	Figure manual override resolves to the 005 file named mfnns ef100/q80; preserved exactly by measured QPS/recall.	simulator/run_case/figure14_recall_gt0895/configs/final/k100/sift1m/ndp_et.yaml
sift1m	mfnns	328228.828	0.97502	figure_manual_override	90	90	mfnns_global_rowsweep	MFANNS/simulator/memory/20260611/026_gt100_missing_ndpbase_ndpet_coverage/yamls/sift1m_normalized_ndp_et_mfnns_near_target_ef90_q90.yaml	375f5c4d773274993ef45a4bc4a3f20bc897656d20dfa23773f731c6fe935272	MFANNS/simulator/memory/20260611/026_gt100_missing_ndpbase_ndpet_coverage/logs/sift1m_normalized_ndp_et_mfnns_near_target_ef90_q90_stats.yml	0778bc34749c76578648382660d27c39a1b8baf3e6f876404e3223205dd8501b	328228.828010	0.97502000	Figure manual override resolves to the 026 file named ndp_et_mfnns_near_target; preserved exactly by measured QPS/recall.	simulator/run_case/figure14_recall_gt0895/configs/final/k100/sift1m/mfnns.yaml
t2i1m	cpu	9401.161	0.90705	matched_direct	93	NA	cpu	MFANNS/simulator/memory/20260609/002_gt100_cpu_mfnns_ndpet_same_ansmet_ef_nq1000/yamls/t2i1m_normalized_cpu_ef93.yaml	7873555b9413064c96626d62adaab3db9255d7f657dc640a2016c4aae9289c5d	MFANNS/simulator/memory/20260609/002_gt100_cpu_mfnns_ndpet_same_ansmet_ef_nq1000/logs/t2i1m_normalized_cpu_ef93_stats.yml	6339ed166d86db1bb5136097027abfdfb7fbaea6a3641185f367c3c545bafc7b	9401.160860	0.90705000		simulator/run_case/figure14_recall_gt0895/configs/final/k100/t2i1m/cpu.yaml
t2i1m	ansmet	160668.413	0.90662	matched_direct	93	100	ansmet	MFANNS/simulator/memory/20260605/001_gt100_ansmet_mfnns_nq1000_recall09/yamls_round47_ansmet_fine_after_sample/t2i1m_normalized_ansmet_ef93_q100_pre32.yaml	27da688fc8927eaa2824a63d55dd7f786f9156baa32dc9738ef183d479b43ddb	MFANNS/simulator/memory/20260605/001_gt100_ansmet_mfnns_nq1000_recall09/logs_round47_ansmet_fine_after_sample/t2i1m_normalized_ansmet_ef93_q100_pre32_stats.yml	1af103bfcf68e40e318561130f9a86bf9c78d7848ad7d13e27c7c03df9d11541	160668.412731	0.90662000		simulator/run_case/figure14_recall_gt0895/configs/final/k100/t2i1m/ansmet.yaml
t2i1m	ndp_base	109012.787	0.94001	matched_direct	93	100	ndp_base	MFANNS/simulator/memory/20260611/026_gt100_missing_ndpbase_ndpet_coverage/yamls/t2i1m_normalized_ndp_base_ansmetef93_q100.yaml	aec30963acfe09e5400d74767138dc8d0bbade67bd2db80981ed4ce61d2e5039	MFANNS/simulator/memory/20260611/026_gt100_missing_ndpbase_ndpet_coverage/logs/t2i1m_normalized_ndp_base_ansmetef93_q100_stats.yml	ca5b5a990f7d6d2dbae97b208171a0be1f00cf3f3681a3e13950e3e9f6ed6172	109012.786564	0.94001000		simulator/run_case/figure14_recall_gt0895/configs/final/k100/t2i1m/ndp_base.yaml
t2i1m	ndp_fpma	109012.787	0.94001	figure_copied_from_ndp_base	93	100	derived_ndp_fpma	MFANNS/simulator/memory/20260611/026_gt100_missing_ndpbase_ndpet_coverage/yamls/t2i1m_normalized_ndp_base_ansmetef93_q100.yaml	aec30963acfe09e5400d74767138dc8d0bbade67bd2db80981ed4ce61d2e5039	MFANNS/simulator/memory/20260611/026_gt100_missing_ndpbase_ndpet_coverage/logs/t2i1m_normalized_ndp_base_ansmetef93_q100_stats.yml	ca5b5a990f7d6d2dbae97b208171a0be1f00cf3f3681a3e13950e3e9f6ed6172	109012.786564	0.94001000	Figure value copied from NDP-Base; config derives the established FPMA timing delta and has no direct k100 result.	simulator/run_case/figure14_recall_gt0895/configs/final/k100/t2i1m/ndp_fpma.yaml
t2i1m	ndp_et	416054.287	0.89387	matched_direct	60	220	mfnns_global_rowsweep	MFANNS/simulator/memory/20260611/026_gt100_missing_ndpbase_ndpet_coverage/yamls/t2i1m_normalized_ndp_et_mfnns_near_target_ef60_q220.yaml	c3b6cfae36aa3d93065896ac7e22aad6eebd8897baca2712b108900be45fc91e	MFANNS/simulator/memory/20260611/026_gt100_missing_ndpbase_ndpet_coverage/logs/t2i1m_normalized_ndp_et_mfnns_near_target_ef60_q220_stats.yml	010a88e1f0d68aebcd101552b852601fecdd77f6e2a54c7b3be5e89ec31cfa5a	416054.286763	0.89387000	Legacy file is labelled NDP-ET but enables global_coarse_fine_split and rowSweep; preserved exactly to match Figure data.	simulator/run_case/figure14_recall_gt0895/configs/final/k100/t2i1m/ndp_et.yaml
t2i1m	mfnns	424069.627	0.89387	matched_direct	60	220	mfnns_global_rowsweep	MFANNS/simulator/memory/20260611/021_deep_t2i_edge_formal_nq1000/yamls/t2i1m_normalized_mfnns_edge_nq1000_ef60_q220.yaml	112c9e4b5b3512f072c171725dd86c40451d106682ee20aa734631c59894eb0c	MFANNS/simulator/memory/20260611/021_deep_t2i_edge_formal_nq1000/logs/t2i1m_normalized_mfnns_edge_nq1000_ef60_q220_stats.yml	83400f02342d0218376fef9326d6a869c7cf53ff53cf9a8af8b905e01f786c20	424069.626578	0.89387000		simulator/run_case/figure14_recall_gt0895/configs/final/k100/t2i1m/mfnns.yaml
w2v1m	cpu	5442.383	0.90683	matched_direct	93	NA	cpu	MFANNS/simulator/memory/20260609/002_gt100_cpu_mfnns_ndpet_same_ansmet_ef_nq1000/yamls/w2v1m_normalized_cpu_ef93.yaml	906e84d7be91fee9d3e48a727d68315398102516278183dadc297d891ed331b7	MFANNS/simulator/memory/20260609/002_gt100_cpu_mfnns_ndpet_same_ansmet_ef_nq1000/logs/w2v1m_normalized_cpu_ef93_stats.yml	9bd697ea19f8bbd3584816262eb28e2c290d5fe2440a67542b7d8e396ef3133b	5442.382842	0.90683000		simulator/run_case/figure14_recall_gt0895/configs/final/k100/w2v1m/cpu.yaml
w2v1m	ansmet	102333.537	0.90688	matched_direct	93	100	ansmet	MFANNS/simulator/memory/20260605/001_gt100_ansmet_mfnns_nq1000_recall09/yamls_round47_ansmet_fine_after_sample/w2v1m_normalized_ansmet_ef93_q100_pre32.yaml	0a6922a4072e3fc0faf7f99a654f5648c8b85d5000b67d9267c2e74e57aa83e5	MFANNS/simulator/memory/20260605/001_gt100_ansmet_mfnns_nq1000_recall09/logs_round47_ansmet_fine_after_sample/w2v1m_normalized_ansmet_ef93_q100_pre32_stats.yml	0613032fe7a41d76467a1517be15c65204da094d6ad0e13a0239d9f440634da9	102333.537233	0.90688000		simulator/run_case/figure14_recall_gt0895/configs/final/k100/w2v1m/ansmet.yaml
w2v1m	ndp_base	65394.343	0.94524	matched_direct	93	100	ndp_base	MFANNS/simulator/memory/20260611/026_gt100_missing_ndpbase_ndpet_coverage/yamls/w2v1m_normalized_ndp_base_ansmetef93_q100.yaml	22eb8cff93582fda2b31aabdd149679337f7211c1b31743355dafa30c93dfcce	MFANNS/simulator/memory/20260611/026_gt100_missing_ndpbase_ndpet_coverage/logs/w2v1m_normalized_ndp_base_ansmetef93_q100_stats.yml	36c4ce9dd518f898ae11153aa013edad48961f813a593908a514388b050a99ab	65394.343422	0.94524000		simulator/run_case/figure14_recall_gt0895/configs/final/k100/w2v1m/ndp_base.yaml
w2v1m	ndp_fpma	65394.343	0.94524	figure_copied_from_ndp_base	93	100	derived_ndp_fpma	MFANNS/simulator/memory/20260611/026_gt100_missing_ndpbase_ndpet_coverage/yamls/w2v1m_normalized_ndp_base_ansmetef93_q100.yaml	22eb8cff93582fda2b31aabdd149679337f7211c1b31743355dafa30c93dfcce	MFANNS/simulator/memory/20260611/026_gt100_missing_ndpbase_ndpet_coverage/logs/w2v1m_normalized_ndp_base_ansmetef93_q100_stats.yml	36c4ce9dd518f898ae11153aa013edad48961f813a593908a514388b050a99ab	65394.343422	0.94524000	Figure value copied from NDP-Base; config derives the established FPMA timing delta and has no direct k100 result.	simulator/run_case/figure14_recall_gt0895/configs/final/k100/w2v1m/ndp_fpma.yaml
w2v1m	ndp_et	224742.838	0.89335	matched_direct	80	112	mfnns_global_rowsweep	MFANNS/simulator/memory/20260611/026_gt100_missing_ndpbase_ndpet_coverage/yamls/w2v1m_normalized_ndp_et_mfnns_near_target_ef80_q112.yaml	8f8fb42a32f061899940c3fe12119bcb1d91c957abec8db0bc7b67d53dbf5ff7	MFANNS/simulator/memory/20260611/026_gt100_missing_ndpbase_ndpet_coverage/logs/w2v1m_normalized_ndp_et_mfnns_near_target_ef80_q112_stats.yml	faa79b9375edfac99655e412a013760cafeb253d3148276b810b67b8e8e5da8a	224742.838008	0.89335000	Legacy file is labelled NDP-ET but enables global_coarse_fine_split and rowSweep; preserved exactly to match Figure data.	simulator/run_case/figure14_recall_gt0895/configs/final/k100/w2v1m/ndp_et.yaml
w2v1m	mfnns	229397.324	0.89335	matched_direct	80	112	mfnns_global_rowsweep	MFANNS/simulator/memory/20260611/011_top100_mfnns_best089_nq1000_qlimit1000/yamls/w2v1m_normalized_mfnns_top100_nq1000_qlim1000_ef80_q112.yaml	4922ad8b16e6b13f99929d6e7e36f052ff1ff7d5dbcdeae1931a6b984e76ac5b	MFANNS/simulator/memory/20260611/011_top100_mfnns_best089_nq1000_qlimit1000/logs/w2v1m_normalized_mfnns_top100_nq1000_qlim1000_ef80_q112_stats.yml	6a509ea874f55ed6be1f20acf8a58373d9f3f6a0c52d5779448804ae3750181e	229397.324482	0.89335000		simulator/run_case/figure14_recall_gt0895/configs/final/k100/w2v1m/mfnns.yaml
wiki1m	cpu	2814.399	0.9061	matched_direct	93	NA	cpu	MFANNS/simulator/memory/20260609/002_gt100_cpu_mfnns_ndpet_same_ansmet_ef_nq1000/yamls/wiki1m_normalized_cpu_ef93.yaml	36b202723fb5c2adef2a7523ccf1ecf80a657b39e4dc3422277888bb2e748e1f	MFANNS/simulator/memory/20260609/002_gt100_cpu_mfnns_ndpet_same_ansmet_ef_nq1000/logs/wiki1m_normalized_cpu_ef93_stats.yml	1a333aa5477579cf148efd07812f7fc2c7cf684372ea7329884ed5abdcb95504	2814.398675	0.90610000		simulator/run_case/figure14_recall_gt0895/configs/final/k100/wiki1m/cpu.yaml
wiki1m	ansmet	55685.729	0.9078	matched_direct	93	100	ansmet	MFANNS/simulator/memory/20260605/001_gt100_ansmet_mfnns_nq1000_recall09/yamls_round49_wiki_full_ef93/wiki1m_normalized_ansmet_ef93_q100_pre32.yaml	e9a8d7adb675ab410811132540e3c82c271e60204d1c27a67305bf2a0b1a6441	MFANNS/simulator/memory/20260605/001_gt100_ansmet_mfnns_nq1000_recall09/logs_round49_wiki_full_ef93/wiki1m_normalized_ansmet_ef93_q100_pre32_stats.yml	25c0a6b849d14ae5e77ad336ecbee9eae1e1e32d558d84f42ea46047406d8c6f	55685.728680	0.90780000		simulator/run_case/figure14_recall_gt0895/configs/final/k100/wiki1m/ansmet.yaml
wiki1m	ndp_base	36112.214	0.95454	matched_direct	93	100	ndp_base	MFANNS/simulator/memory/20260611/026_gt100_missing_ndpbase_ndpet_coverage/yamls/wiki1m_normalized_ndp_base_ansmetef93_q100.yaml	133be563dd069790c707a442ac60f28288734fab18badf32e249229e6ba3c9eb	MFANNS/simulator/memory/20260611/026_gt100_missing_ndpbase_ndpet_coverage/logs/wiki1m_normalized_ndp_base_ansmetef93_q100_stats.yml	af9f50d1e928efda9de844e69d7cdb2ea91cc18865d0226197ce089c67684adf	36112.213829	0.95454000		simulator/run_case/figure14_recall_gt0895/configs/final/k100/wiki1m/ndp_base.yaml
wiki1m	ndp_fpma	36112.214	0.95454	figure_copied_from_ndp_base	93	100	derived_ndp_fpma	MFANNS/simulator/memory/20260611/026_gt100_missing_ndpbase_ndpet_coverage/yamls/wiki1m_normalized_ndp_base_ansmetef93_q100.yaml	133be563dd069790c707a442ac60f28288734fab18badf32e249229e6ba3c9eb	MFANNS/simulator/memory/20260611/026_gt100_missing_ndpbase_ndpet_coverage/logs/wiki1m_normalized_ndp_base_ansmetef93_q100_stats.yml	af9f50d1e928efda9de844e69d7cdb2ea91cc18865d0226197ce089c67684adf	36112.213829	0.95454000	Figure value copied from NDP-Base; config derives the established FPMA timing delta and has no direct k100 result.	simulator/run_case/figure14_recall_gt0895/configs/final/k100/wiki1m/ndp_fpma.yaml
wiki1m	ndp_et	176445.652	0.89069	matched_direct	40	128	mfnns_global_rowsweep	MFANNS/simulator/memory/20260611/026_gt100_missing_ndpbase_ndpet_coverage/yamls/wiki1m_normalized_ndp_et_mfnns_near_target_ef40_q128.yaml	1ccc30ba9352eaaa9c71db59eee90351648e13b29565cac743d9f513ff33b7ca	MFANNS/simulator/memory/20260611/026_gt100_missing_ndpbase_ndpet_coverage/logs/wiki1m_normalized_ndp_et_mfnns_near_target_ef40_q128_stats.yml	2f9c27bdd89803f717f49657829b7982348bbe64078f1f39194def2e213743f2	176445.652313	0.89069000	Legacy file is labelled NDP-ET but enables global_coarse_fine_split and rowSweep; preserved exactly to match Figure data.	simulator/run_case/figure14_recall_gt0895/configs/final/k100/wiki1m/ndp_et.yaml
wiki1m	mfnns	205070.417	0.89069	matched_direct	40	128	mfnns_global_rowsweep	MFANNS/simulator/memory/20260611/011_top100_mfnns_best089_nq1000_qlimit1000/yamls/wiki1m_normalized_mfnns_top100_nq1000_qlim1000_ef40_q128.yaml	a8683ae7cfad6f08adfd03890916fbdf1337e364bfb5028e41f09197a8da55bb	MFANNS/simulator/memory/20260611/011_top100_mfnns_best089_nq1000_qlimit1000/logs/wiki1m_normalized_mfnns_top100_nq1000_qlim1000_ef40_q128_stats.yml	06a8367d08ff29f757afa8288396edb8c0bd61597e0b5e1d33f833440537c688	205070.417336	0.89069000		simulator/run_case/figure14_recall_gt0895/configs/final/k100/wiki1m/mfnns.yaml
pubmed	cpu	590.804	0.91101	matched_direct	400	NA	cpu	MFANNS/simulator/memory/20260609/002_gt100_cpu_mfnns_ndpet_same_ansmet_ef_nq1000/yamls/pubmed_raw_cpu_ef400.yaml	712a663d0936d2e301391174ba7145583738ef365010c880b3dd8b5f1fa20945	MFANNS/simulator/memory/20260609/002_gt100_cpu_mfnns_ndpet_same_ansmet_ef_nq1000/logs/pubmed_raw_cpu_ef400_stats.yml	dd94907f55d1291d21a9f585c2d9a1a7da392b7f9523913ed15fb77abdfa67ed	590.804425	0.91101000		simulator/run_case/figure14_recall_gt0895/configs/final/k100/pubmed/cpu.yaml
pubmed	ansmet	8862.53	0.91203	matched_direct	400	100	ansmet	MFANNS/simulator/memory/20260605/001_gt100_ansmet_mfnns_nq1000_recall09/yamls_tune_round17_pubmed_ansmet_formal/pubmed_raw_ansmet_ef400_q100.yaml	c99758cdf116e48e1b29ff0da6676b402e4065547bcccaae55ead637455f8269	MFANNS/simulator/memory/20260605/001_gt100_ansmet_mfnns_nq1000_recall09/logs_tune_round17_pubmed_ansmet_formal/pubmed_raw_ansmet_ef400_q100_stats.yml	5f5399a5b5efd92ac9b097fbdf076bdc30969ed3788acee035020434978e9bf4	8862.530345	0.91203000		simulator/run_case/figure14_recall_gt0895/configs/final/k100/pubmed/ansmet.yaml
pubmed	ndp_base	7663.114	0.90748	matched_direct	400	100	ndp_base	MFANNS/simulator/memory/20260611/026_gt100_missing_ndpbase_ndpet_coverage/yamls/pubmed_raw_ndp_base_ansmetef400_q100.yaml	b54dd17b906e5a2132d8861363b9c170fa272fa1644b39429165fba5a5efe9d9	MFANNS/simulator/memory/20260611/026_gt100_missing_ndpbase_ndpet_coverage/logs/pubmed_raw_ndp_base_ansmetef400_q100_stats.yml	00c86a3c3cefcd1e8e70863281e243c501868ab7d81958c5c56a15d7a64065d5	7663.114248	0.90748000		simulator/run_case/figure14_recall_gt0895/configs/final/k100/pubmed/ndp_base.yaml
pubmed	ndp_fpma	7663.114	0.90748	figure_copied_from_ndp_base	400	100	derived_ndp_fpma	MFANNS/simulator/memory/20260611/026_gt100_missing_ndpbase_ndpet_coverage/yamls/pubmed_raw_ndp_base_ansmetef400_q100.yaml	b54dd17b906e5a2132d8861363b9c170fa272fa1644b39429165fba5a5efe9d9	MFANNS/simulator/memory/20260611/026_gt100_missing_ndpbase_ndpet_coverage/logs/pubmed_raw_ndp_base_ansmetef400_q100_stats.yml	00c86a3c3cefcd1e8e70863281e243c501868ab7d81958c5c56a15d7a64065d5	7663.114248	0.90748000	Figure value copied from NDP-Base; config derives the established FPMA timing delta and has no direct k100 result.	simulator/run_case/figure14_recall_gt0895/configs/final/k100/pubmed/ndp_fpma.yaml
pubmed	ndp_et	15454.458	0.9014	matched_direct	400	800	mfnns_global_rowsweep	MFANNS/simulator/memory/20260611/026_gt100_missing_ndpbase_ndpet_coverage/yamls/pubmed_raw_ndp_et_mfnns_near_target_ef400_q800.yaml	8379d6f4645e1d6469c306a5ed95869e298a6258a18f757fc8d743ce0a2048ed	MFANNS/simulator/memory/20260611/026_gt100_missing_ndpbase_ndpet_coverage/logs/pubmed_raw_ndp_et_mfnns_near_target_ef400_q800_stats.yml	96a251b50a3cd75caa956a67dece7107b3792ac24e6c73ce38090a8c6141f3b8	15454.457944	0.90140000	Legacy file is labelled NDP-ET but enables global_coarse_fine_split and rowSweep; preserved exactly to match Figure data.	simulator/run_case/figure14_recall_gt0895/configs/final/k100/pubmed/ndp_et.yaml
pubmed	mfnns	17108.613	0.9012	matched_direct	400	800	mfnns_global_rowsweep	MFANNS/simulator/memory/20260605/001_gt100_ansmet_mfnns_nq1000_recall09/yamls_tune_round9_pubmed_formal/pubmed_raw_mfnns_ef400_q800.yaml	f48bb51856def59b542803bcf3c76d2131c0db49258533cf9a172ca1cb443ef6	MFANNS/simulator/memory/20260605/001_gt100_ansmet_mfnns_nq1000_recall09/logs_tune_round9_pubmed_formal/pubmed_raw_mfnns_ef400_q800_stats.yml	36bb5c038bac3b8034ffd860fc558edc6b20f715d31fa9f307f51ce9e641955b	17108.612788	0.90120000		simulator/run_case/figure14_recall_gt0895/configs/final/k100/pubmed/mfnns.yaml
