top_k,dataset_key,dataset_label,dataset_short,design,trace_source_design,config_ref,source_stats_ref,source_energy_ref,source_stats_sha256,source_energy_sha256,data_status,s_num_query,s_mem_cycle,recall,s_fmac_ops_sum,phase1_ops_sum,phase2_fmac_ops_sum,raw_memory_energy_nj,memory_energy_scale,memory_energy_nj,memory_energy_terms
k10,deep10m,Deep10M,DP,cpu,cpu,simulator/run_case/figure14_recall_gt0895/configs/final/k10/deep10m/cpu.yaml,MFANNS/simulator/memory/20260329/eight_config_k10_nq1000/logs/deep10m_normalized_cpu_stats.yml,MFANNS/simulator/memory/20260401/eight_config_k10_nq32_cpu_quick_energy/runs/formal_submit/01_deep10m_normalized_cpu/slurm-9658488.out,f1178b5b52ce38d5c8b95615185729e49846489e5af640fa035aeb19bd6c9d86,ee73438b3ef9d3267e354721dbbfe68d75d110a6fae09a175649e44b15020be5,historical_cpu_energy_estimate,1000,18232422,0.8758,432475008,0,0,598270.1415,30.0,17948104.245,1
k10,deep10m,Deep10M,DP,ansmet,ansmet,simulator/run_case/figure14_recall_gt0895/configs/final/k10/deep10m/ansmet.yaml,memory/20260715/003_figure14_k10_formal_npq1000/logs/formal/deep10m_normalized_ansmet_ef0015_npq1000_stats.yml,memory/20260715/003_figure14_k10_formal_npq1000/runs/submission_20260715_193225/03_deep10m_normalized_ansmet_ef0015_npq1000/slurm-9985386.out,e28c0248080d714f06eff9f14a5f10c65d4f722a95f3386ee8ef37ec09b5c57c,8b2dfeeaf8786d75d95dad6e12805fa7fa4b148ee89ebb65dd68e7ad8d9653af,measured_reused,1000,1316022,0.9016,539779648,0,0,4677702.15375,1.0,4677702.15375,32
k10,deep10m,Deep10M,DP,ndp_base,ndp_base,simulator/run_case/figure14_recall_gt0895/configs/final/k10/deep10m/ndp_base.yaml,memory/20260720/001_figure14_recall_gt0895_unfinished_resubmit/logs/formal/k10_deep10m_normalized_ndp_base_stats.yml,memory/20260720/001_figure14_recall_gt0895_unfinished_resubmit/runs/submission_20260720_185156/formal/k10_deep10m_normalized_ndp_base/slurm-10015795.out,82543961e78cb4e67d84d0f15347a9b716e51c978ece837bee0b3fe1f1215274,d4d626a73858452765449220e3d5bc7d33145740fc1d87b47aebf7e8f6d74433,measured_reused,1000,1998222,0.8983,524639808,0,0,7192020.525,1.0,7192020.525,32
k10,deep10m,Deep10M,DP,ndp_fpma,ndp_fpma,simulator/run_case/figure14_recall_gt0895/configs/final/k10/deep10m/ndp_fpma.yaml,memory/20260720/001_figure14_recall_gt0895_unfinished_resubmit/logs/formal/k10_deep10m_normalized_ndp_fpma_stats.yml,memory/20260720/001_figure14_recall_gt0895_unfinished_resubmit/runs/submission_20260720_185156/formal/k10_deep10m_normalized_ndp_fpma/slurm-10015796.out,19e469ebb4a00c8d8516120f182b0e4474c680168ea6e4c64e58790ff335ba2b,bf8b7168fa1ab93947c6fb8ec1f57d58ba8e2dc140bef8569d033508b2f845e1,measured_reused,1000,1998222,0.8983,524639808,0,0,7192020.525,1.0,7192020.525,32
k10,deep10m,Deep10M,DP,ndp_et,ndp_et,simulator/run_case/figure14_recall_gt0895/configs/final/k10/deep10m/ndp_et.yaml,memory/20260716/001_figure14_k5_k10_ndp_three_designs_recall_gt090/logs/k10/k10_deep10m_normalized_ndp_et_stats.yml,memory/20260716/001_figure14_k5_k10_ndp_three_designs_recall_gt090/runs/submission_20260716_234334/formal/k10_deep10m_normalized_ndp_et/slurm-9991384.out,ab76d15c8ddf3a03026b12c7866050feefef54fb31cdd0cd30a7e9c19a21b919,b72b05096a0b494362b3038db2c849c352fe12dfca17a8fdc7779102daae0b52,measured_reused,1000,1734972,0.9026,149126448,506348544,76113216,5912658.435,1.0,5912658.435,32
k10,deep10m,Deep10M,DP,mfnns,mfnns,simulator/run_case/figure14_recall_gt0895/configs/final/k10/deep10m/mfnns.yaml,memory/20260715/003_figure14_k10_formal_npq1000/logs/formal/deep10m_normalized_mfnns_ef0015_q0040_npq1000_stats.yml,memory/20260715/003_figure14_k10_formal_npq1000/runs/submission_20260715_193225/04_deep10m_normalized_mfnns_ef0015_q0040_npq1000/slurm-9985387.out,9fcf876f545f4b9603e50fcf9868e0e7b6619c273623439e6567a64dcbec7c55,a4cf33cc08cfdad21d3c4ce95f4edf947a282c7588dbff87e69af932814e41a2,measured_reused,1000,1218147,0.9026,182109960,506348544,109096728,4451728.10625,1.0,4451728.10625,32
k10,glove2m,GloVe2M,GV,cpu,cpu,simulator/run_case/figure14_recall_gt0895/configs/final/k10/glove2m/cpu.yaml,MFANNS/simulator/memory/20260330/eight_config_k10_nq1000_failed_only_npq100_t48h/logs/glove2m_normalized_cpu_stats.yml,MFANNS/simulator/memory/20260401/eight_config_k10_nq32_cpu_quick_energy/runs/formal_submit/02_glove2m_normalized_cpu/slurm-9658490.out,ef1993d28a7c52f53c85f103749dd59e6c63c1bfc62fd5d79562622a07bbb7de,42650b245fdcd3e893f29c8a6dff8815c1df1e7f0567408381ecc1434b5dfc98,historical_cpu_energy_estimate,1000,3526690640,0.9007,92081916600,0,0,78214166.49,30.0,2346424994.7,1
k10,glove2m,GloVe2M,GV,ansmet,ansmet,simulator/run_case/figure14_recall_gt0895/configs/final/k10/glove2m/ansmet.yaml,memory/20260715/003_figure14_k10_formal_npq1000/logs/formal/glove2m_normalized_ansmet_ef0500_npq1000_stats.yml,memory/20260715/003_figure14_k10_formal_npq1000/runs/submission_20260715_193225/11_glove2m_normalized_ansmet_ef0500_npq1000/slurm-9985394.out,bd026a15aea824a04157b3caa154b6d11981864f8899b4c2d9a8c6608d5af732,4be56809eaedce8aad255dce78578096b7bca525ac91e82623b1ef8174f4a188,measured_reused,1000,203361597,0.9007,102658997120,0,0,825734009.55,1.0,825734009.55,32
k10,glove2m,GloVe2M,GV,ndp_base,ndp_base,simulator/run_case/figure14_recall_gt0895/configs/final/k10/glove2m/ndp_base.yaml,memory/20260720/001_figure14_recall_gt0895_unfinished_resubmit/logs/formal/k10_glove2m_normalized_ndp_base_stats.yml,memory/20260720/001_figure14_recall_gt0895_unfinished_resubmit/runs/submission_20260720_185156/formal/k10_glove2m_normalized_ndp_base/slurm-10015797.out,8309b6f3ed2e0707da2b7128617e4cb912d833bbadaa9b80a00a2d8da0b6476d,d9818dcaa01b3728ca87a3438e2100820335af9a0191a05d489c5c38c9645f91,measured_reused,1000,286544247,0.8957,91918888800,0,0,1150232811.91875,1.0,1150232811.91875,32
k10,glove2m,GloVe2M,GV,ndp_fpma,ndp_fpma,simulator/run_case/figure14_recall_gt0895/configs/final/k10/glove2m/ndp_fpma.yaml,memory/20260720/001_figure14_recall_gt0895_unfinished_resubmit/logs/formal/k10_glove2m_normalized_ndp_fpma_stats.yml,memory/20260720/001_figure14_recall_gt0895_unfinished_resubmit/runs/submission_20260720_185156/formal/k10_glove2m_normalized_ndp_fpma/slurm-10015798.out,1820b6a884efce4921bc783b2524187b1e55ed6be9638e4a4f618d47f4d1ed1c,629f3035ab9e3feb833fae3fb23bc258abbf4c20d6c055cb1c432a5283ba3335,measured_reused,1000,286544247,0.8957,91918888800,0,0,1150232811.91875,1.0,1150232811.91875,32
k10,glove2m,GloVe2M,GV,ndp_et,ndp_et,simulator/run_case/figure14_recall_gt0895/configs/final/k10/glove2m/ndp_et.yaml,memory/20260716/001_figure14_k5_k10_ndp_three_designs_recall_gt090/logs/k10/k10_glove2m_normalized_ndp_et_stats.yml,memory/20260716/001_figure14_k5_k10_ndp_three_designs_recall_gt090/runs/submission_20260716_234334/formal/k10_glove2m_normalized_ndp_et/slurm-9991387.out,1e68074ba9af398dd3010e326aa7270899becc18936b597bf748c88f9f248cbe,d24242d00928ea419396738941f1885fd5a28653495226aaba15a54d04a946ce,measured_reused,1000,109346345,0.9002,6243867518,93860581200,6074736846,419864707.63125,1.0,419864707.63125,32
k10,glove2m,GloVe2M,GV,mfnns,mfnns,simulator/run_case/figure14_recall_gt0895/configs/final/k10/glove2m/mfnns.yaml,memory/20260722/001_figure14_final_recall_gt0895_completion/logs/formal/formal_k10_glove2m_mfnns_ef0520_q0900_npq1000_stats.yml,memory/20260722/001_figure14_final_recall_gt0895_completion/runs/submission_20260722_122703/formal/formal_k10_glove2m_mfnns_ef0520_q0900_npq1000/slurm-10031797.out,d437615158400b115490c958703bf1138e15b31a64578cbe706d4e21d9966889,6fc252b7a6229ded2d71da034fb0fb0709c0749b1df4768804cb8aad8ee680a7,measured_completion,1000,104255291,0.9002,6330166634,93860581200,6161035962,406632803.9475,1.0,406632803.9475,32
k10,sift1m,SIFT1M,SF,cpu,cpu,simulator/run_case/figure14_recall_gt0895/configs/final/k10/sift1m/cpu.yaml,MFANNS/simulator/memory/20260329/eight_config_k10_nq1000/logs/sift1m_normalized_cpu_stats.yml,MFANNS/simulator/memory/20260401/eight_config_k10_nq32_cpu_quick_energy/runs/formal_submit/03_sift1m_normalized_cpu/slurm-9658491.out,9590770b8c457fe9b978b049b0ed3829fc8c921bba4799b0c95e359a1426e13d,adf7e94b0609e41a09d852b82de57a86fed1ce7e5295b0afd4f38eeee97623d5,historical_cpu_energy_estimate,1000,15423372,0.9046,374445824,0,0,486176.69025,30.0,14585300.7075,1
k10,sift1m,SIFT1M,SF,ansmet,ansmet,simulator/run_case/figure14_recall_gt0895/configs/final/k10/sift1m/ansmet.yaml,memory/20260715/003_figure14_k10_formal_npq1000/logs/formal/sift1m_normalized_ansmet_ef0010_npq1000_stats.yml,memory/20260715/003_figure14_k10_formal_npq1000/runs/submission_20260715_193225/01_sift1m_normalized_ansmet_ef0010_npq1000/slurm-9985384.out,b62c00d67d33b2b9f4fb18a2c53b323dd37f4a0bed07541dd9b468375485ad5d,f44ac5ebded9cb1fba119f6efd303854829056b23ed6016f15284dde0fd5d0db,measured_reused,1000,992022,0.9021,418579200,0,0,3468440.75625,1.0,3468440.75625,32
k10,sift1m,SIFT1M,SF,ndp_base,ndp_base,simulator/run_case/figure14_recall_gt0895/configs/final/k10/sift1m/ndp_base.yaml,memory/20260720/001_figure14_recall_gt0895_unfinished_resubmit/logs/formal/k10_sift1m_normalized_ndp_base_stats.yml,memory/20260720/001_figure14_recall_gt0895_unfinished_resubmit/runs/submission_20260720_185156/formal/k10_sift1m_normalized_ndp_base/slurm-10015789.out,036a62df0ee470b73d3c950e3706bb16438b19ef39d170f957fe7a1a5ff6139e,df2d208313df0ee7362f59a513d6997eabd6f89448f652e5a0862480eb8d4471,measured_reused,1000,1410522,0.9007,370606336,0,0,4890180.10875,1.0,4890180.10875,32
k10,sift1m,SIFT1M,SF,ndp_fpma,ndp_fpma,simulator/run_case/figure14_recall_gt0895/configs/final/k10/sift1m/ndp_fpma.yaml,memory/20260720/001_figure14_recall_gt0895_unfinished_resubmit/logs/formal/k10_sift1m_normalized_ndp_fpma_stats.yml,memory/20260720/001_figure14_recall_gt0895_unfinished_resubmit/runs/submission_20260720_185156/formal/k10_sift1m_normalized_ndp_fpma/slurm-10015790.out,b6c15ddc0d2fc089ad8b4b2923600b82a2861c75954cce50166b28c0c57ef353,77531e91a90ac88f5571f1b477241598151e1b5c844f45c0fa8aa85a0d285e55,measured_reused,1000,1410522,0.9007,370606336,0,0,4890180.10875,1.0,4890180.10875,32
k10,sift1m,SIFT1M,SF,ndp_et,ndp_et,simulator/run_case/figure14_recall_gt0895/configs/final/k10/sift1m/ndp_et.yaml,memory/20260720/001_figure14_recall_gt0895_unfinished_resubmit/logs/formal/k10_sift1m_normalized_ndp_et_stats.yml,memory/20260720/001_figure14_recall_gt0895_unfinished_resubmit/runs/submission_20260720_185156/formal/k10_sift1m_normalized_ndp_et/slurm-10015791.out,1a4a7e73aa7c64e0cee3c667c9dbabaee023997eb3f656a2f4e9843136f9f6e8,2c11c904c50b61d2127b0cbd7039abe41b0fc63afaa986647948d004487720ac,measured_reused,1000,1259397,0.8994,207372442,351564288,130152204,4231412.3625,1.0,4231412.3625,32
k10,sift1m,SIFT1M,SF,mfnns,mfnns,simulator/run_case/figure14_recall_gt0895/configs/final/k10/sift1m/mfnns.yaml,memory/20260722/001_figure14_final_recall_gt0895_completion/logs/formal/formal_k10_sift1m_mfnns_ef0010_q0015_npq1000_stats.yml,memory/20260722/001_figure14_final_recall_gt0895_completion/runs/submission_20260722_122703/formal/formal_k10_sift1m_mfnns_ef0010_q0015_npq1000/slurm-10031799.out,dff7765398f7378852393e7a0c308b6387b7a517c0ad187f99986928d17b969b,cb50d385b353658d2ab520474c3e368710137ef7b6879c04d211187d8011ad83,measured_completion,1000,927747,0.8994,200210372,351564288,122990134,3395194.91625,1.0,3395194.91625,32
k10,t2i1m,T2I1M,T2I,cpu,cpu,simulator/run_case/figure14_recall_gt0895/configs/final/k10/t2i1m/cpu.yaml,MFANNS/simulator/memory/20260329/eight_config_k10_nq1000/logs/t2i1m_normalized_cpu_stats.yml,MFANNS/simulator/memory/20260401/eight_config_k10_nq32_cpu_quick_energy/runs/formal_submit/04_t2i1m_normalized_cpu/slurm-9658493.out,1d882d0fb7d2783d20599daa998cc17fae8dd7ff950dc042f583a83e78cbfdd5,0d53981f3a3978a1ac28d5b237d4ac72547aa58eca203313b77f2f6527517103,historical_cpu_energy_estimate,1000,55980356,0.8794,1393872000,0,0,1862860.65975,30.0,55885819.7925,1
k10,t2i1m,T2I1M,T2I,ansmet,ansmet,simulator/run_case/figure14_recall_gt0895/configs/final/k10/t2i1m/ansmet.yaml,memory/20260715/003_figure14_k10_formal_npq1000/logs/formal/t2i1m_normalized_ansmet_ef0035_npq1000_stats.yml,memory/20260715/003_figure14_k10_formal_npq1000/runs/submission_20260715_193225/07_t2i1m_normalized_ansmet_ef0035_npq1000/slurm-9985390.out,7ff89956f2683d11317beefc68536a8fe5601b4bf82a8d671b16fd76f15859fe,69a7bbba383af65cfa1b11d9d6fd41a36693b170fdda91e7950647169f1dc793,measured_reused,1000,5291097,0.9066,2341800080,0,0,19893039.42,1.0,19893039.42,32
k10,t2i1m,T2I1M,T2I,ndp_base,ndp_base,simulator/run_case/figure14_recall_gt0895/configs/final/k10/t2i1m/ndp_base.yaml,memory/20260720/001_figure14_recall_gt0895_unfinished_resubmit/logs/formal/k10_t2i1m_normalized_ndp_base_stats.yml,memory/20260720/001_figure14_recall_gt0895_unfinished_resubmit/runs/submission_20260720_185156/formal/k10_t2i1m_normalized_ndp_base/slurm-10015799.out,26cb3ed646d5ec3ceba3d53a0a81cae100f5f4e80240603c59c3eab349835046,bc79e2790c2b05a3003bb0118821ad2a31a0b2b0d4f396b4e8ac42886e676a17,measured_reused,1000,7148006,0.8986,1963168800,0,0,27102283.8075,1.0,27102283.8075,32
k10,t2i1m,T2I1M,T2I,ndp_fpma,ndp_fpma,simulator/run_case/figure14_recall_gt0895/configs/final/k10/t2i1m/ndp_fpma.yaml,memory/20260720/001_figure14_recall_gt0895_unfinished_resubmit/logs/formal/k10_t2i1m_normalized_ndp_fpma_stats.yml,memory/20260720/001_figure14_recall_gt0895_unfinished_resubmit/runs/submission_20260720_185156/formal/k10_t2i1m_normalized_ndp_fpma/slurm-10015800.out,a7e1f27030e600d7b0bc169419e28b3d23352bd875b8aaff648ea24c6f7eb427,ac96602c58cda7d58c76c9999042bbcb63f1f27e397fb98db53cc0a3df9656e4,measured_reused,1000,7148006,0.8986,1963168800,0,0,27102283.8075,1.0,27102283.8075,32
k10,t2i1m,T2I1M,T2I,ndp_et,ndp_et,simulator/run_case/figure14_recall_gt0895/configs/final/k10/t2i1m/ndp_et.yaml,memory/20260716/001_figure14_k5_k10_ndp_three_designs_recall_gt090/logs/k10/k10_t2i1m_normalized_ndp_et_stats.yml,memory/20260716/001_figure14_k5_k10_ndp_three_designs_recall_gt090/runs/submission_20260716_234334/formal/k10_t2i1m_normalized_ndp_et/slurm-9991393.out,df82da8311bf4d7b6a6fd9022281a80aa07097237017decc741bf2bf7ab75e3f,3be4fb364a9c1a02f912eb6571e548d5ee1e06fa4b7c6db430cdc5b148caa7a3,measured_reused,1000,4110297,0.908,638271928,1955254800,489299378,14548539.91125,1.0,14548539.91125,32
k10,t2i1m,T2I1M,T2I,mfnns,mfnns,simulator/run_case/figure14_recall_gt0895/configs/final/k10/t2i1m/mfnns.yaml,memory/20260722/001_figure14_final_recall_gt0895_completion/logs/formal/formal_k10_t2i1m_mfnns_ef0035_q0140_npq1000_stats.yml,memory/20260722/001_figure14_final_recall_gt0895_completion/runs/submission_20260722_122703/formal/formal_k10_t2i1m_mfnns_ef0035_q0140_npq1000/slurm-10031801.out,ae1b11b371cc2a59f9629f370cb8865126ac6497c530734a87e8501867cc3cf6,711c8fd1443738a40241fed53ed9c728a8de98a65531ef150d62cde2912166f7,measured_completion,1000,3783522,0.908,649507752,1955254800,500535202,14144819.71125,1.0,14144819.71125,32
k10,w2v1m,W2V1M,W2V,cpu,cpu,simulator/run_case/figure14_recall_gt0895/configs/final/k10/w2v1m/cpu.yaml,MFANNS/simulator/memory/20260329/eight_config_k10_nq1000/logs/w2v1m_normalized_cpu_stats.yml,MFANNS/simulator/memory/20260401/eight_config_k10_nq32_cpu_quick_energy/runs/formal_submit/05_w2v1m_normalized_cpu/slurm-9658495.out,04b9f05c5149cd5ed7b00086ac8364f36a0e1a76c182790c6439afc202b82384,7392482718bd3f8f060f5f6f37f98f0cd94b041902e7a5b722e5240996dfacc8,historical_cpu_energy_estimate,1000,92067972,0.9211,2407805400,0,0,3281126.0115,30.0,98433780.345,1
k10,w2v1m,W2V1M,W2V,ansmet,ansmet,simulator/run_case/figure14_recall_gt0895/configs/final/k10/w2v1m/ansmet.yaml,memory/20260715/003_figure14_k10_formal_npq1000/logs/formal/w2v1m_normalized_ansmet_ef0025_npq1000_stats.yml,memory/20260715/003_figure14_k10_formal_npq1000/runs/submission_20260715_193225/05_w2v1m_normalized_ansmet_ef0025_npq1000/slurm-9985388.out,7f771e43c2012b0a48ff06814b32fcf6ff9d4fbfc7374eedde57cf8ebfd4e263,d8e298e7c605ecc3e609b9c4ca7050b3e41076c76f01dab5abe156f2e3271e9f,measured_reused,1000,5377347,0.9181,2473969568,0,0,20565396.075,1.0,20565396.075,32
k10,w2v1m,W2V1M,W2V,ndp_base,ndp_base,simulator/run_case/figure14_recall_gt0895/configs/final/k10/w2v1m/ndp_base.yaml,memory/20260716/001_figure14_k5_k10_ndp_three_designs_recall_gt090/logs/k10/k10_w2v1m_normalized_ndp_base_stats.yml,memory/20260716/001_figure14_k5_k10_ndp_three_designs_recall_gt090/runs/submission_20260716_234334/formal/k10_w2v1m_normalized_ndp_base/slurm-9991394.out,3cec59e186d7071088e1b9e669140bb2d000a07222589fd11260de44aab2c148,8dc5480387b99b5d86afa1c9385fac3b8ef3e8bf7b830841b2986e00cc141a8f,measured_reused,1000,7863222,0.9145,2315921400,0,0,29767339.06125,1.0,29767339.06125,32
k10,w2v1m,W2V1M,W2V,ndp_fpma,ndp_fpma,simulator/run_case/figure14_recall_gt0895/configs/final/k10/w2v1m/ndp_fpma.yaml,memory/20260716/001_figure14_k5_k10_ndp_three_designs_recall_gt090/logs/k10/k10_w2v1m_normalized_ndp_fpma_stats.yml,memory/20260716/001_figure14_k5_k10_ndp_three_designs_recall_gt090/runs/submission_20260716_234334/formal/k10_w2v1m_normalized_ndp_fpma/slurm-9991395.out,52742d430b7c6cfab360ff3d157ba465337a99a8e1e28180de7a7f388d412d3d,c1f60327632ab1c34e7dbcd71f1e611661417da16b68e9e90eee262930a54de8,measured_reused,1000,7863222,0.9145,2315921400,0,0,29767339.06125,1.0,29767339.06125,32
k10,w2v1m,W2V1M,W2V,ndp_et,ndp_et,simulator/run_case/figure14_recall_gt0895/configs/final/k10/w2v1m/ndp_et.yaml,memory/20260716/001_figure14_k5_k10_ndp_three_designs_recall_gt090/logs/k10/k10_w2v1m_normalized_ndp_et_stats.yml,memory/20260716/001_figure14_k5_k10_ndp_three_designs_recall_gt090/runs/submission_20260716_234334/formal/k10_w2v1m_normalized_ndp_et/slurm-9991396.out,c4afaa885ef9fab5c04df4b2a499473d082163747b1d552c7a296c9e5d806080,7dfa86f08dfe590a80be4508c2be0355bf4f77a78932390576f20844559ef1d3,measured_reused,1000,3395772,0.9067,330059908,2165070000,121491732,11425908.92625,1.0,11425908.92625,32
k10,w2v1m,W2V1M,W2V,mfnns,mfnns,simulator/run_case/figure14_recall_gt0895/configs/final/k10/w2v1m/mfnns.yaml,memory/20260722/001_figure14_final_recall_gt0895_completion/logs/formal/formal_k10_w2v1m_mfnns_ef0025_q0033_npq1000_stats.yml,memory/20260722/001_figure14_final_recall_gt0895_completion/runs/submission_20260722_122703/formal/formal_k10_w2v1m_mfnns_ef0025_q0033_npq1000/slurm-10031803.out,9139cdb5c12196261e708ab306a610f851699da8e315d933adf09d0241bb0c23,2f91d640e5763c3d3fd93cc3f0fea3d509502fa5b7a990a772f32c98bcbc08c1,measured_completion,1000,2995722,0.9067,331952488,2165070000,123384312,10765800.89625,1.0,10765800.89625,32
k10,wiki1m,Wiki1M,WK,cpu,cpu,simulator/run_case/figure14_recall_gt0895/configs/final/k10/wiki1m/cpu.yaml,MFANNS/simulator/memory/20260329/eight_config_k10_nq1000/logs/wiki1m_normalized_cpu_stats.yml,MFANNS/simulator/memory/20260401/eight_config_k10_nq32_cpu_quick_energy/runs/formal_submit/06_wiki1m_normalized_cpu/slurm-9658497.out,a3a482a10709dfdbb4e021b4b68f87228727148c9d96eb9c875690334425b22d,5cebedf9a444b84d9db0aea03b6484eac7b1bf1f3766b9bc2a7257abfe1cb47c,historical_cpu_energy_estimate,1000,120813672,0.8896,3265766400,0,0,3956277.16875,30.0,118688315.0625,1
k10,wiki1m,Wiki1M,WK,ansmet,ansmet,simulator/run_case/figure14_recall_gt0895/configs/final/k10/wiki1m/ansmet.yaml,memory/20260722/001_figure14_final_recall_gt0895_completion/logs/formal/formal_k10_wiki1m_ansmet_ef0021_npq1000_stats.yml,memory/20260722/001_figure14_final_recall_gt0895_completion/runs/submission_20260722_122703/formal/formal_k10_wiki1m_ansmet_ef0021_npq1000/slurm-10031805.out,2e3498f6c4d5afeaca1349a9a5d9b567f49de734be32da9182d7755b95f5d8b5,dec9f9f1b33a67d19cc83b62f78cd110a68b752539c9ee063085046ecf2d85ef,measured_completion,1000,8610597,0.9034,4124935552,0,0,31843119.78375,1.0,31843119.78375,32
k10,wiki1m,Wiki1M,WK,ndp_base,ndp_base,simulator/run_case/figure14_recall_gt0895/configs/final/k10/wiki1m/ndp_base.yaml,memory/20260722/001_figure14_final_recall_gt0895_completion/logs/formal/formal_k10_wiki1m_ndp_base_ef0021_npq1000_stats.yml,memory/20260722/001_figure14_final_recall_gt0895_completion/runs/submission_20260722_122703/formal/formal_k10_wiki1m_ndp_base_ef0021_npq1000/slurm-10031806.out,cd4a0b78351719009c0bf8183c67ec5c167fc5f9205d8ef4020fac725c687a78,a225733f1c2a78e1c5e6e51181fda1536203a38cf1eb249649abb62b75634be2,measured_completion,1000,12960522,0.9045,3984294912,0,0,47323963.14,1.0,47323963.14,32
k10,wiki1m,Wiki1M,WK,ndp_fpma,ndp_fpma,simulator/run_case/figure14_recall_gt0895/configs/final/k10/wiki1m/ndp_fpma.yaml,memory/20260722/001_figure14_final_recall_gt0895_completion/logs/formal/formal_k10_wiki1m_ndp_base_ef0021_npq1000_stats.yml,memory/20260722/001_figure14_final_recall_gt0895_completion/runs/submission_20260722_122703/formal/formal_k10_wiki1m_ndp_base_ef0021_npq1000/slurm-10031806.out,cd4a0b78351719009c0bf8183c67ec5c167fc5f9205d8ef4020fac725c687a78,a225733f1c2a78e1c5e6e51181fda1536203a38cf1eb249649abb62b75634be2,derived_copy_from_ndp_base,1000,12960522,0.9045,3984294912,0,0,47323963.14,1.0,47323963.14,32
k10,wiki1m,Wiki1M,WK,ndp_et,ndp_et,simulator/run_case/figure14_recall_gt0895/configs/final/k10/wiki1m/ndp_et.yaml,memory/20260716/001_figure14_k5_k10_ndp_three_designs_recall_gt090/logs/k10/k10_wiki1m_normalized_ndp_et_stats.yml,memory/20260716/001_figure14_k5_k10_ndp_three_designs_recall_gt090/runs/submission_20260716_234334/formal/k10_wiki1m_normalized_ndp_et/slurm-9991399.out,15d78a37be6e54498fa11bc8bf6f814529d7c9aa663996482deb70cdc1901a27,fabc3f9d4bc880c6123df9d4aa79c5a0d2fa7c1603f30c0596c473b58d55173d,measured_reused,1000,8359722,0.9041,1664316800,3643742208,1252058160,29019670.2075,1.0,29019670.2075,32
k10,wiki1m,Wiki1M,WK,mfnns,mfnns,simulator/run_case/figure14_recall_gt0895/configs/final/k10/wiki1m/mfnns.yaml,memory/20260722/001_figure14_final_recall_gt0895_completion/logs/formal/formal_k10_wiki1m_mfnns_ef0020_q0070_npq1000_stats.yml,memory/20260722/001_figure14_final_recall_gt0895_completion/runs/submission_20260722_122703/formal/formal_k10_wiki1m_mfnns_ef0020_q0070_npq1000/slurm-10031808.out,b5141398f5e5a3e8ec801add9313d14ed443bcb82da737ef6eb24505b0d691d7,1efbd0e63a7af00964e97b95c25350273c4fa4e3b385c0f650f22db3bdc87075,measured_completion,1000,7164072,0.9041,1664316800,3643742208,1252058160,26451229.22625,1.0,26451229.22625,32
k10,pubmed,PubMed,PM,cpu,cpu,simulator/run_case/figure14_recall_gt0895/configs/final/k10/pubmed/cpu.yaml,MFANNS/simulator/memory/20260330/eight_config_k10_nq1000_failed_only_npq100_t48h/logs/pubmed_raw_cpu_stats.yml,MFANNS/simulator/memory/20260401/eight_config_k10_nq32_cpu_quick_energy/runs/formal_submit/08_pubmed_raw_cpu/slurm-9658501.out,3747bb1081d6a9ef2ebd117f37a9c688817cf54b07549144272794d726777add,647fd2beb3de2c6256fdd25a004280eb00248474aa075c0dde360c0019fa8f2c,historical_cpu_energy_estimate,1000,2483418147,0.9016,67298898432,0,0,79541410.05225,30.0,2386242301.567501,1
k10,pubmed,PubMed,PM,ansmet,ansmet,simulator/run_case/figure14_recall_gt0895/configs/final/k10/pubmed/ansmet.yaml,memory/20260722/001_figure14_final_recall_gt0895_completion/logs/formal/formal_k10_pubmed_ansmet_ef0320_npq1000_stats.yml,memory/20260722/001_figure14_final_recall_gt0895_completion/runs/submission_20260722_122703/formal/formal_k10_pubmed_ansmet_ef0320_npq1000/slurm-10031810.out,491f5e3f0f32a5f5c72e245222c5ba8a2ed50d79064fa7e461679801044fa24b,73b0ee4ee0b15db3d89144b812e2706537566253741f3d64b989924d0b1484d8,measured_completion,1000,225867597,0.9342,131713704960,0,0,886314079.605,1.0,886314079.605,32
k10,pubmed,PubMed,PM,ndp_base,ndp_base,simulator/run_case/figure14_recall_gt0895/configs/final/k10/pubmed/ndp_base.yaml,memory/20260722/001_figure14_final_recall_gt0895_completion/logs/formal/formal_k10_pubmed_ndp_base_ef0320_npq1000_stats.yml,memory/20260722/001_figure14_final_recall_gt0895_completion/runs/submission_20260722_122703/formal/formal_k10_pubmed_ndp_base_ef0320_npq1000/slurm-10031811.out,fd97c42038a80d2113582408c62946172f584c99f01114048042f76a5e58fffc,1eb91646e344236a1ea64e0349f56265bd4c34e61685213666ee24dc0773eb12,measured_completion,1000,263940372,0.9022,93073098240,0,0,1053325084.86,1.0,1053325084.86,32
k10,pubmed,PubMed,PM,ndp_fpma,ndp_fpma,simulator/run_case/figure14_recall_gt0895/configs/final/k10/pubmed/ndp_fpma.yaml,memory/20260722/001_figure14_final_recall_gt0895_completion/logs/formal/formal_k10_pubmed_ndp_base_ef0320_npq1000_stats.yml,memory/20260722/001_figure14_final_recall_gt0895_completion/runs/submission_20260722_122703/formal/formal_k10_pubmed_ndp_base_ef0320_npq1000/slurm-10031811.out,fd97c42038a80d2113582408c62946172f584c99f01114048042f76a5e58fffc,1eb91646e344236a1ea64e0349f56265bd4c34e61685213666ee24dc0773eb12,derived_copy_from_ndp_base,1000,263940372,0.9022,93073098240,0,0,1053325084.86,1.0,1053325084.86,32
k10,pubmed,PubMed,PM,ndp_et,ndp_et,simulator/run_case/figure14_recall_gt0895/configs/final/k10/pubmed/ndp_et.yaml,memory/20260716/001_figure14_k5_k10_ndp_three_designs_recall_gt090/logs/k10/k10_pubmed_raw_ndp_et_stats.yml,memory/20260716/001_figure14_k5_k10_ndp_three_designs_recall_gt090/runs/submission_20260716_234334/formal/k10_pubmed_raw_ndp_et/slurm-9991402.out,f2a5d4861d73a547d3420faee1498ce9b58803be9207b7e0f9c104120fcca548,c4fe1c68303a0a7ae2bee492678006fae2ebb9a24f6e82095445e9abe68c9ec9,measured_reused,1000,113729172,0.904,21285613180,67012208640,20858750100,444211394.68875,1.0,444211394.68875,32
k10,pubmed,PubMed,PM,mfnns,mfnns,simulator/run_case/figure14_recall_gt0895/configs/final/k10/pubmed/mfnns.yaml,memory/20260722/001_figure14_final_recall_gt0895_completion/logs/formal/formal_k10_pubmed_mfnns_ef0220_q0700_npq1000_stats.yml,memory/20260722/001_figure14_final_recall_gt0895_completion/runs/submission_20260722_122703/formal/formal_k10_pubmed_mfnns_ef0220_q0700_npq1000/slurm-10031813.out,3202be06d73e0ef9a712e249a078e48058a52968735bfbd9e1c57a9c172864b9,0f3103ba33a2ff0041897d5e4f6595dea9384819df1dde3de879866bc9cc5479,measured_completion,1000,101613372,0.904,21285613180,67012208640,20858750100,412727192.115,1.0,412727192.115,32
