top_k,dataset_key,design,ef_search,queue_size,s_num_query,s_mem_cycle,qps,recall,data_status,source_design,config_ref,stats_ref,stats_sha256,source,yml_path,slurm_path,note
k5,deep10m,cpu,13,NA,1000,19553847,122737.99626232118,0.9012,measured_completion,cpu,simulator/run_case/figure14_recall_gt0895/configs/final/k5/deep10m/cpu.yaml,memory/20260722/001_figure14_final_recall_gt0895_completion/logs/formal/formal_k5_deep10m_cpu_ef0013_npq1000_stats.yml,5168c91386f9e8ba6af5a6daf0561db9cc91da5dd2c49b9dec4ac07e3e11ef97,latest_recall_gt0895:completion,simulator/run_case/figure14_recall_gt0895/configs/final/k5/deep10m/cpu.yaml,,
k5,deep10m,ansmet,13,NA,1000,1177722,2037832.3577210922,0.905,measured_reused,ansmet,simulator/run_case/figure14_recall_gt0895/configs/final/k5/deep10m/ansmet.yaml,simulator/run_case/figure14_recall_gt0895/provenance/reused_results/k5/deep10m/ansmet/stats.yml,9ac83209f56a4f75f9d218f297d08928f73403a42d5a02c238031f16170cfddc,latest_recall_gt0895:reused,simulator/run_case/figure14_recall_gt0895/configs/final/k5/deep10m/ansmet.yaml,,
k5,deep10m,ndp_base,13,NA,1000,1784022,1345274.8901078575,0.8962,measured_reused,ndp_base,simulator/run_case/figure14_recall_gt0895/configs/final/k5/deep10m/ndp_base.yaml,simulator/run_case/figure14_recall_gt0895/provenance/reused_results/k5/deep10m/ndp_base/stats.yml,62e9ea0ddfea19aa22d37750b021e5319060b47ffb86c02436ba45031fadfd56,latest_recall_gt0895:reused,simulator/run_case/figure14_recall_gt0895/configs/final/k5/deep10m/ndp_base.yaml,,
k5,deep10m,ndp_fpma,13,NA,1000,1784022,1345274.8901078575,0.8962,measured_reused,ndp_fpma,simulator/run_case/figure14_recall_gt0895/configs/final/k5/deep10m/ndp_fpma.yaml,simulator/run_case/figure14_recall_gt0895/provenance/reused_results/k5/deep10m/ndp_fpma/stats.yml,7bc403b6575e6c78220dbef71f4f8a7552efe908e9b9079d4a486a3508a955f1,latest_recall_gt0895:reused,simulator/run_case/figure14_recall_gt0895/configs/final/k5/deep10m/ndp_fpma.yaml,,direct_ndp_fpma_measurement
k5,deep10m,ndp_et,15,30,1000,1722522,1393305.8619860879,0.9144,measured_reused,ndp_et,simulator/run_case/figure14_recall_gt0895/configs/final/k5/deep10m/ndp_et.yaml,simulator/run_case/figure14_recall_gt0895/provenance/reused_results/k5/deep10m/ndp_et/stats.yml,3158c99ad1d0ed3f44bb217e75c0757a207b1f4128b0115089a313e2ef25281d,latest_recall_gt0895:reused,simulator/run_case/figure14_recall_gt0895/configs/final/k5/deep10m/ndp_et.yaml,,
k5,deep10m,mfnns,15,30,1000,1176522,2039910.8558955973,0.9144,measured_completion,mfnns,simulator/run_case/figure14_recall_gt0895/configs/final/k5/deep10m/mfnns.yaml,memory/20260722/001_figure14_final_recall_gt0895_completion/logs/formal/formal_k5_deep10m_mfnns_ef0015_q0030_npq1000_stats.yml,1de8e9a083099cb1a42f4027be5b801ca14acc628d2d2f10a23e32f5af930d0c,latest_recall_gt0895:completion,simulator/run_case/figure14_recall_gt0895/configs/final/k5/deep10m/mfnns.yaml,,
k5,glove2m,cpu,480,NA,1000,3390420822,707.8767285838713,0.9078,measured_completion,cpu,simulator/run_case/figure14_recall_gt0895/configs/final/k5/glove2m/cpu.yaml,memory/20260722/001_figure14_final_recall_gt0895_completion/logs/formal/formal_k5_glove2m_cpu_ef0480_npq1000_stats.yml,b56de6ee05b416ae10033427093c5a1335b9e3e5f1bab1c4dabc8c1b60e334c7,latest_recall_gt0895:completion,simulator/run_case/figure14_recall_gt0895/configs/final/k5/glove2m/cpu.yaml,,
k5,glove2m,ansmet,480,NA,1000,195189548,12295.740343637663,0.9084,measured_completion,ansmet,simulator/run_case/figure14_recall_gt0895/configs/final/k5/glove2m/ansmet.yaml,memory/20260722/001_figure14_final_recall_gt0895_completion/logs/formal/formal_k5_glove2m_ansmet_ef0480_npq1000_stats.yml,4337f07cb7e20bac6c7a7a0a782df92f43d7fcbda2f32d926406f88dd79829c5,latest_recall_gt0895:completion,simulator/run_case/figure14_recall_gt0895/configs/final/k5/glove2m/ansmet.yaml,,
k5,glove2m,ndp_base,480,NA,1000,275686947,8705.526417251811,0.904,measured_reused,ndp_base,simulator/run_case/figure14_recall_gt0895/configs/final/k5/glove2m/ndp_base.yaml,simulator/run_case/figure14_recall_gt0895/provenance/reused_results/k5/glove2m/ndp_base/stats.yml,37d24234a6df32e73b3fb3646612619ee2a4a54b29d6855d5c2d3e908defe20e,latest_recall_gt0895:reused,simulator/run_case/figure14_recall_gt0895/configs/final/k5/glove2m/ndp_base.yaml,,
k5,glove2m,ndp_fpma,480,NA,1000,275686947,8705.526417251811,0.904,measured_reused,ndp_fpma,simulator/run_case/figure14_recall_gt0895/configs/final/k5/glove2m/ndp_fpma.yaml,simulator/run_case/figure14_recall_gt0895/provenance/reused_results/k5/glove2m/ndp_fpma/stats.yml,05cff9942cd392bcd06b39ac722ebcdc9f5de6a5d7dddd2b6a887e752c53bf83,latest_recall_gt0895:reused,simulator/run_case/figure14_recall_gt0895/configs/final/k5/glove2m/ndp_fpma.yaml,,direct_ndp_fpma_measurement
k5,glove2m,ndp_et,480,525,1000,87956570,27286.193629424157,0.9002,measured_reused,ndp_et,simulator/run_case/figure14_recall_gt0895/configs/final/k5/glove2m/ndp_et.yaml,simulator/run_case/figure14_recall_gt0895/provenance/reused_results/k5/glove2m/ndp_et/stats.yml,6f8566c2d86591ae904b7761c1c789298657a3d3c99168bd9190a8995f8a6b60,latest_recall_gt0895:reused,simulator/run_case/figure14_recall_gt0895/configs/final/k5/glove2m/ndp_et.yaml,,
k5,glove2m,mfnns,480,525,1000,83738141,28660.774783619807,0.9002,measured_completion,mfnns,simulator/run_case/figure14_recall_gt0895/configs/final/k5/glove2m/mfnns.yaml,memory/20260722/001_figure14_final_recall_gt0895_completion/logs/formal/formal_k5_glove2m_mfnns_ef0480_q0525_npq1000_stats.yml,324edceb2e61837e35768126ecd04be3176ab8eae32f55a6075590ac0bbc242e,latest_recall_gt0895:completion,simulator/run_case/figure14_recall_gt0895/configs/final/k5/glove2m/mfnns.yaml,,
k5,sift1m,cpu,9,NA,1000,14131647,169831.58438644838,0.9082,measured_completion,cpu,simulator/run_case/figure14_recall_gt0895/configs/final/k5/sift1m/cpu.yaml,memory/20260722/001_figure14_final_recall_gt0895_completion/logs/formal/formal_k5_sift1m_cpu_ef0009_npq1000_stats.yml,99b8fd61a82e2dd64e5855aa1b064e72bda6b7f2c5e26ebc25dcaeafab4c656d,latest_recall_gt0895:completion,simulator/run_case/figure14_recall_gt0895/configs/final/k5/sift1m/cpu.yaml,,
k5,sift1m,ansmet,9,NA,1000,921822,2603539.5119665186,0.9048,measured_reused,ansmet,simulator/run_case/figure14_recall_gt0895/configs/final/k5/sift1m/ansmet.yaml,simulator/run_case/figure14_recall_gt0895/provenance/reused_results/k5/sift1m/ansmet/stats.yml,19c99df9144724aaf0b9bf5e0de30957973482f732767d5f842576978cd6f22b,latest_recall_gt0895:reused,simulator/run_case/figure14_recall_gt0895/configs/final/k5/sift1m/ansmet.yaml,,
k5,sift1m,ndp_base,9,NA,1000,1315422,1824509.5490268522,0.9014,measured_reused,ndp_base,simulator/run_case/figure14_recall_gt0895/configs/final/k5/sift1m/ndp_base.yaml,simulator/run_case/figure14_recall_gt0895/provenance/reused_results/k5/sift1m/ndp_base/stats.yml,27b0890bf32765c2e6fccfe977c1a095481eaec5fe0bf01a20aded5730534677,latest_recall_gt0895:reused,simulator/run_case/figure14_recall_gt0895/configs/final/k5/sift1m/ndp_base.yaml,,
k5,sift1m,ndp_fpma,9,NA,1000,1315422,1824509.5490268522,0.9014,measured_reused,ndp_fpma,simulator/run_case/figure14_recall_gt0895/configs/final/k5/sift1m/ndp_fpma.yaml,simulator/run_case/figure14_recall_gt0895/provenance/reused_results/k5/sift1m/ndp_fpma/stats.yml,da8dcd7877457c1df78541daa50f4b238f48ac75deb9e5f9ad13597bb5db64fa,latest_recall_gt0895:reused,simulator/run_case/figure14_recall_gt0895/configs/final/k5/sift1m/ndp_fpma.yaml,,direct_ndp_fpma_measurement
k5,sift1m,ndp_et,9,8,1000,1182222,2030075.569563077,0.909,measured_reused,ndp_et,simulator/run_case/figure14_recall_gt0895/configs/final/k5/sift1m/ndp_et.yaml,simulator/run_case/figure14_recall_gt0895/provenance/reused_results/k5/sift1m/ndp_et/stats.yml,997da20476cefb12a762bfdbb04952e267046ebc5ec94fd1f07dda26ba34bd5a,latest_recall_gt0895:reused,simulator/run_case/figure14_recall_gt0895/configs/final/k5/sift1m/ndp_et.yaml,,
k5,sift1m,mfnns,9,8,1000,883422,2716708.436058871,0.909,measured_reused,mfnns,simulator/run_case/figure14_recall_gt0895/configs/final/k5/sift1m/mfnns.yaml,simulator/run_case/figure14_recall_gt0895/provenance/reused_results/k5/sift1m/mfnns/stats.yml,bb6041ebfc27e4911ce8142190ca801cf5c9c1db36711f641d9a4e7e5fda25ff,latest_recall_gt0895:reused,simulator/run_case/figure14_recall_gt0895/configs/final/k5/sift1m/mfnns.yaml,,
k5,t2i1m,cpu,35,NA,1000,79266897,30277.456174422976,0.915,measured_completion,cpu,simulator/run_case/figure14_recall_gt0895/configs/final/k5/t2i1m/cpu.yaml,memory/20260722/001_figure14_final_recall_gt0895_completion/logs/formal/formal_k5_t2i1m_cpu_ef0035_npq1000_stats.yml,219514640bce1c8a309be6096e2fe7cee94184ac8785086cb80410daad41c15f,latest_recall_gt0895:completion,simulator/run_case/figure14_recall_gt0895/configs/final/k5/t2i1m/cpu.yaml,,
k5,t2i1m,ansmet,35,NA,1000,5291097,453592.137887474,0.9124,measured_completion,ansmet,simulator/run_case/figure14_recall_gt0895/configs/final/k5/t2i1m/ansmet.yaml,memory/20260722/001_figure14_final_recall_gt0895_completion/logs/formal/formal_k5_t2i1m_ansmet_ef0035_npq1000_stats.yml,b82e03563c24c9f65b251d4efeba6f1912b0cc082eb86fcfdd8105fbc432c8ba,latest_recall_gt0895:completion,simulator/run_case/figure14_recall_gt0895/configs/final/k5/t2i1m/ansmet.yaml,,
k5,t2i1m,ndp_base,35,NA,1000,7148006,335757.9722233026,0.9024,measured_reused,ndp_base,simulator/run_case/figure14_recall_gt0895/configs/final/k5/t2i1m/ndp_base.yaml,simulator/run_case/figure14_recall_gt0895/provenance/reused_results/k5/t2i1m/ndp_base/stats.yml,75c82a75f41a4681a1d7766d6c4a5b19492643d1a73a946e085b23a1f90a1781,latest_recall_gt0895:reused,simulator/run_case/figure14_recall_gt0895/configs/final/k5/t2i1m/ndp_base.yaml,,
k5,t2i1m,ndp_fpma,35,NA,1000,7148006,335757.9722233026,0.9024,measured_reused,ndp_fpma,simulator/run_case/figure14_recall_gt0895/configs/final/k5/t2i1m/ndp_fpma.yaml,simulator/run_case/figure14_recall_gt0895/provenance/reused_results/k5/t2i1m/ndp_fpma/stats.yml,9f8a56eef04c6bd7f000c36eb61492e8a36080b2d24cf23d6e2ddf857e1acb6b,latest_recall_gt0895:reused,simulator/run_case/figure14_recall_gt0895/configs/final/k5/t2i1m/ndp_fpma.yaml,,direct_ndp_fpma_measurement
k5,t2i1m,ndp_et,30,100,1000,3322647,722315.671812263,0.9004,measured_reused,ndp_et,simulator/run_case/figure14_recall_gt0895/configs/final/k5/t2i1m/ndp_et.yaml,simulator/run_case/figure14_recall_gt0895/provenance/reused_results/k5/t2i1m/ndp_et/stats.yml,3e89411e0f0f49977aa0066320a5eb33d67702b3308ba878dbf1a4433d607f12,latest_recall_gt0895:reused,simulator/run_case/figure14_recall_gt0895/configs/final/k5/t2i1m/ndp_et.yaml,,
k5,t2i1m,mfnns,30,100,1000,3000972,799740.883953599,0.9004,measured_completion,mfnns,simulator/run_case/figure14_recall_gt0895/configs/final/k5/t2i1m/mfnns.yaml,memory/20260722/001_figure14_final_recall_gt0895_completion/logs/formal/formal_k5_t2i1m_mfnns_ef0030_q0100_npq1000_stats.yml,0647b71ce8464196a63921b84954b63403bc4f7b6b0b5609c6d1711e765433bc,latest_recall_gt0895:completion,simulator/run_case/figure14_recall_gt0895/configs/final/k5/t2i1m/mfnns.yaml,,
k5,w2v1m,cpu,22,NA,1000,77636547,30913.275934335412,0.9172,measured_completion,cpu,simulator/run_case/figure14_recall_gt0895/configs/final/k5/w2v1m/cpu.yaml,memory/20260722/001_figure14_final_recall_gt0895_completion/logs/formal/formal_k5_w2v1m_cpu_ef0022_npq1000_stats.yml,7a550a75192a432d1c1129970ab200e47f2ae0aab40554e327ca7afbe0b09762,latest_recall_gt0895:completion,simulator/run_case/figure14_recall_gt0895/configs/final/k5/w2v1m/cpu.yaml,,
k5,w2v1m,ansmet,22,NA,1000,4783347,501740.72673381213,0.9164,measured_reused,ansmet,simulator/run_case/figure14_recall_gt0895/configs/final/k5/w2v1m/ansmet.yaml,simulator/run_case/figure14_recall_gt0895/provenance/reused_results/k5/w2v1m/ansmet/stats.yml,13d30e215c78639a5c48468c15af393b30b15e929e70ecd7808ad9d2889b5ec3,latest_recall_gt0895:reused,simulator/run_case/figure14_recall_gt0895/configs/final/k5/w2v1m/ansmet.yaml,,
k5,w2v1m,ndp_base,22,NA,1000,7003047,342707.9669749468,0.9114,measured_reused,ndp_base,simulator/run_case/figure14_recall_gt0895/configs/final/k5/w2v1m/ndp_base.yaml,simulator/run_case/figure14_recall_gt0895/provenance/reused_results/k5/w2v1m/ndp_base/stats.yml,3df4763c02c35cab621da166f7293a59a60cb0c944883f608531e609fcf8b806,latest_recall_gt0895:reused,simulator/run_case/figure14_recall_gt0895/configs/final/k5/w2v1m/ndp_base.yaml,,
k5,w2v1m,ndp_fpma,22,NA,1000,7003047,342707.9669749468,0.9114,measured_reused,ndp_fpma,simulator/run_case/figure14_recall_gt0895/configs/final/k5/w2v1m/ndp_fpma.yaml,simulator/run_case/figure14_recall_gt0895/provenance/reused_results/k5/w2v1m/ndp_fpma/stats.yml,b49b8ef11849ce757044801c78207cfc8f7ffa1a1e2eb5a4cb368944474e703c,latest_recall_gt0895:reused,simulator/run_case/figure14_recall_gt0895/configs/final/k5/w2v1m/ndp_fpma.yaml,,direct_ndp_fpma_measurement
k5,w2v1m,ndp_et,22,30,1000,3110997,771456.8673643852,0.9094,measured_reused,ndp_et,simulator/run_case/figure14_recall_gt0895/configs/final/k5/w2v1m/ndp_et.yaml,simulator/run_case/figure14_recall_gt0895/provenance/reused_results/k5/w2v1m/ndp_et/stats.yml,a3aedca231cd00b4c781b6db0d046910966920664b4df7afe81d4a5a3a826a2b,latest_recall_gt0895:reused,simulator/run_case/figure14_recall_gt0895/configs/final/k5/w2v1m/ndp_et.yaml,,
k5,w2v1m,mfnns,22,30,1000,2720472,882199.8535548244,0.9094,measured_reused,mfnns,simulator/run_case/figure14_recall_gt0895/configs/final/k5/w2v1m/mfnns.yaml,simulator/run_case/figure14_recall_gt0895/provenance/reused_results/k5/w2v1m/mfnns/stats.yml,a7046891224ce0b57785c0b9ae7ca2ff88aeab953cec136ebab8f0b18eddd528,latest_recall_gt0895:reused,simulator/run_case/figure14_recall_gt0895/configs/final/k5/w2v1m/mfnns.yaml,,
k5,wiki1m,cpu,20,NA,1000,140235147,17114.11191375583,0.9072,measured_completion,cpu,simulator/run_case/figure14_recall_gt0895/configs/final/k5/wiki1m/cpu.yaml,memory/20260722/001_figure14_final_recall_gt0895_completion/logs/formal/formal_k5_wiki1m_cpu_ef0020_npq1000_stats.yml,e7b6d616708cc3327df44aa415fcb56a5e86bd6aacb5923a6a661c36805e282e,latest_recall_gt0895:completion,simulator/run_case/figure14_recall_gt0895/configs/final/k5/wiki1m/cpu.yaml,,
k5,wiki1m,ansmet,20,NA,1000,8295147,289325.79494974593,0.9076,measured_completion,ansmet,simulator/run_case/figure14_recall_gt0895/configs/final/k5/wiki1m/ansmet.yaml,memory/20260722/001_figure14_final_recall_gt0895_completion/logs/formal/formal_k5_wiki1m_ansmet_ef0020_npq1000_stats.yml,e77ad873a512e285e9f384fa87a6c39427c7bcbfd9351d9def1a62ae9247a7cb,latest_recall_gt0895:completion,simulator/run_case/figure14_recall_gt0895/configs/final/k5/wiki1m/ansmet.yaml,,
k5,wiki1m,ndp_base,20,NA,1000,12404022,193485.62909675587,0.8984,measured_reused,ndp_base,simulator/run_case/figure14_recall_gt0895/configs/final/k5/wiki1m/ndp_base.yaml,simulator/run_case/figure14_recall_gt0895/provenance/reused_results/k5/wiki1m/ndp_base/stats.yml,1a838a099fde79ef1d08dbd841da34c6ec79187bd3542e9d735b469156980a73,latest_recall_gt0895:reused,simulator/run_case/figure14_recall_gt0895/configs/final/k5/wiki1m/ndp_base.yaml,,
k5,wiki1m,ndp_fpma,20,NA,1000,12404022,193485.62909675587,0.8984,measured_reused,ndp_fpma,simulator/run_case/figure14_recall_gt0895/configs/final/k5/wiki1m/ndp_fpma.yaml,simulator/run_case/figure14_recall_gt0895/provenance/reused_results/k5/wiki1m/ndp_fpma/stats.yml,bfc0550c05570e0310dc9b73980d73bc471d02de9ebbd2324396e0799db5a37f,latest_recall_gt0895:reused,simulator/run_case/figure14_recall_gt0895/configs/final/k5/wiki1m/ndp_fpma.yaml,,direct_ndp_fpma_measurement
k5,wiki1m,ndp_et,18,50,1000,7174422,334521.7217498497,0.9026,measured_reused,ndp_et,simulator/run_case/figure14_recall_gt0895/configs/final/k5/wiki1m/ndp_et.yaml,simulator/run_case/figure14_recall_gt0895/provenance/reused_results/k5/wiki1m/ndp_et/stats.yml,120f5b03e247de9ceb55e526f7411cf51243de55e7d2b9972dfbf2a800033eeb,latest_recall_gt0895:reused,simulator/run_case/figure14_recall_gt0895/configs/final/k5/wiki1m/ndp_et.yaml,,
k5,wiki1m,mfnns,18,50,1000,6100497,393410.56966342253,0.9026,measured_completion,mfnns,simulator/run_case/figure14_recall_gt0895/configs/final/k5/wiki1m/mfnns.yaml,memory/20260722/001_figure14_final_recall_gt0895_completion/logs/formal/formal_k5_wiki1m_mfnns_ef0018_q0050_npq1000_stats.yml,18f2c4a11ab4386c54f8857382c397556feae9610282381efdbdc065a335b076,latest_recall_gt0895:completion,simulator/run_case/figure14_recall_gt0895/configs/final/k5/wiki1m/mfnns.yaml,,
k5,pubmed,cpu,240,NA,1000,2684793747,893.9234169037269,0.9314,measured_completion,cpu,simulator/run_case/figure14_recall_gt0895/configs/final/k5/pubmed/cpu.yaml,memory/20260722/001_figure14_final_recall_gt0895_completion/logs/formal/formal_k5_pubmed_cpu_ef0240_npq1000_stats.yml,9469f6415cf0e199f089c6ed075331a7d8d96df755ecd76eadf315f6e41f4c3d,latest_recall_gt0895:completion,simulator/run_case/figure14_recall_gt0895/configs/final/k5/pubmed/cpu.yaml,,
k5,pubmed,ansmet,240,NA,1000,176414772,13604.302932183025,0.9292,measured_completion,ansmet,simulator/run_case/figure14_recall_gt0895/configs/final/k5/pubmed/ansmet.yaml,memory/20260722/001_figure14_final_recall_gt0895_completion/logs/formal/formal_k5_pubmed_ansmet_ef0240_npq1000_stats.yml,494ce708d95820501e33843f7cf6a9a156fe8a457b2f46dc2a40c40298460edc,latest_recall_gt0895:completion,simulator/run_case/figure14_recall_gt0895/configs/final/k5/pubmed/ansmet.yaml,,
k5,pubmed,ndp_base,240,NA,1000,205996272,11650.696280561815,0.9022,measured_completion,ndp_base,simulator/run_case/figure14_recall_gt0895/configs/final/k5/pubmed/ndp_base.yaml,memory/20260722/001_figure14_final_recall_gt0895_completion/logs/formal/formal_k5_pubmed_ndp_base_ef0240_npq1000_stats.yml,ca05ac68e2270c17d0d8692a3bf327377b15129594d7eeb3410e4cda3d64b80c,latest_recall_gt0895:completion,simulator/run_case/figure14_recall_gt0895/configs/final/k5/pubmed/ndp_base.yaml,,
k5,pubmed,ndp_fpma,240,NA,1000,205996272,11650.696280561815,0.9022,derived_copy_from_ndp_base,ndp_base,simulator/run_case/figure14_recall_gt0895/configs/final/k5/pubmed/ndp_fpma.yaml,memory/20260722/001_figure14_final_recall_gt0895_completion/logs/formal/formal_k5_pubmed_ndp_base_ef0240_npq1000_stats.yml,ca05ac68e2270c17d0d8692a3bf327377b15129594d7eeb3410e4cda3d64b80c,latest_recall_gt0895:cancelled_fpma_fallback,simulator/run_case/figure14_recall_gt0895/configs/final/k5/pubmed/ndp_fpma.yaml,,direct_ndp_fpma_cancelled;copied_from=latest_ndp_base
k5,pubmed,ndp_et,190,350,1000,79752972,30092.922430527102,0.902,measured_reused,ndp_et,simulator/run_case/figure14_recall_gt0895/configs/final/k5/pubmed/ndp_et.yaml,simulator/run_case/figure14_recall_gt0895/provenance/reused_results/k5/pubmed/ndp_et/stats.yml,6cf07c95ad8f6f6b96be2b9fcaec4393e2ca5d55999c7f3630bd7bfe2b8c9673,latest_recall_gt0895:reused,simulator/run_case/figure14_recall_gt0895/configs/final/k5/pubmed/ndp_et.yaml,,
k5,pubmed,mfnns,190,350,1000,71517372,33558.28007774111,0.902,measured_completion,mfnns,simulator/run_case/figure14_recall_gt0895/configs/final/k5/pubmed/mfnns.yaml,memory/20260722/001_figure14_final_recall_gt0895_completion/logs/formal/formal_k5_pubmed_mfnns_ef0190_q0350_npq1000_stats.yml,2ae16b9aa91e2711ac31c3d3d7a31d14ca5c1ffa7f8034d68fadf729f4a09ba0,latest_recall_gt0895:completion,simulator/run_case/figure14_recall_gt0895/configs/final/k5/pubmed/mfnns.yaml,,
k10,deep10m,cpu,15,NA,1000,22082997,108680.90051363953,0.9008,measured_completion,cpu,simulator/run_case/figure14_recall_gt0895/configs/final/k10/deep10m/cpu.yaml,memory/20260722/001_figure14_final_recall_gt0895_completion/logs/formal/formal_k10_deep10m_cpu_ef0015_npq1000_stats.yml,e7f5d181e76b7acccc9298c5f145b653360dd9d28ba8c3b88f6241065b4756e9,latest_recall_gt0895:completion,simulator/run_case/figure14_recall_gt0895/configs/final/k10/deep10m/cpu.yaml,,
k10,deep10m,ansmet,15,NA,1000,1316022,1823677.7196733793,0.9016,measured_reused,ansmet,simulator/run_case/figure14_recall_gt0895/configs/final/k10/deep10m/ansmet.yaml,simulator/run_case/figure14_recall_gt0895/provenance/reused_results/k10/deep10m/ansmet/stats.yml,e28c0248080d714f06eff9f14a5f10c65d4f722a95f3386ee8ef37ec09b5c57c,latest_recall_gt0895:reused,simulator/run_case/figure14_recall_gt0895/configs/final/k10/deep10m/ansmet.yaml,,
k10,deep10m,ndp_base,15,NA,1000,1998222,1201067.7492290647,0.8983,measured_reused,ndp_base,simulator/run_case/figure14_recall_gt0895/configs/final/k10/deep10m/ndp_base.yaml,simulator/run_case/figure14_recall_gt0895/provenance/reused_results/k10/deep10m/ndp_base/stats.yml,82543961e78cb4e67d84d0f15347a9b716e51c978ece837bee0b3fe1f1215274,latest_recall_gt0895:reused,simulator/run_case/figure14_recall_gt0895/configs/final/k10/deep10m/ndp_base.yaml,,
k10,deep10m,ndp_fpma,15,NA,1000,1998222,1201067.7492290647,0.8983,measured_reused,ndp_fpma,simulator/run_case/figure14_recall_gt0895/configs/final/k10/deep10m/ndp_fpma.yaml,simulator/run_case/figure14_recall_gt0895/provenance/reused_results/k10/deep10m/ndp_fpma/stats.yml,19e469ebb4a00c8d8516120f182b0e4474c680168ea6e4c64e58790ff335ba2b,latest_recall_gt0895:reused,simulator/run_case/figure14_recall_gt0895/configs/final/k10/deep10m/ndp_fpma.yaml,,direct_ndp_fpma_measurement
k10,deep10m,ndp_et,15,40,1000,1734972,1383307.6268666007,0.9026,measured_reused,ndp_et,simulator/run_case/figure14_recall_gt0895/configs/final/k10/deep10m/ndp_et.yaml,simulator/run_case/figure14_recall_gt0895/provenance/reused_results/k10/deep10m/ndp_et/stats.yml,ab76d15c8ddf3a03026b12c7866050feefef54fb31cdd0cd30a7e9c19a21b919,latest_recall_gt0895:reused,simulator/run_case/figure14_recall_gt0895/configs/final/k10/deep10m/ndp_et.yaml,,
k10,deep10m,mfnns,15,40,1000,1218147,1970205.5663232761,0.9026,measured_reused,mfnns,simulator/run_case/figure14_recall_gt0895/configs/final/k10/deep10m/mfnns.yaml,simulator/run_case/figure14_recall_gt0895/provenance/reused_results/k10/deep10m/mfnns/stats.yml,9fcf876f545f4b9603e50fcf9868e0e7b6619c273623439e6567a64dcbec7c55,latest_recall_gt0895:reused,simulator/run_case/figure14_recall_gt0895/configs/final/k10/deep10m/mfnns.yaml,,
k10,glove2m,cpu,500,NA,1000,3522332847,681.3666124835703,0.9009,measured_completion,cpu,simulator/run_case/figure14_recall_gt0895/configs/final/k10/glove2m/cpu.yaml,memory/20260722/001_figure14_final_recall_gt0895_completion/logs/formal/formal_k10_glove2m_cpu_ef0500_npq1000_stats.yml,17cf624dd1c73ce3bcb429b9438f6131d8ba667b1052ff3d5b643d546cc74e2f,latest_recall_gt0895:completion,simulator/run_case/figure14_recall_gt0895/configs/final/k10/glove2m/cpu.yaml,,
k10,glove2m,ansmet,500,NA,1000,203361597,11801.638241462078,0.9007,measured_reused,ansmet,simulator/run_case/figure14_recall_gt0895/configs/final/k10/glove2m/ansmet.yaml,simulator/run_case/figure14_recall_gt0895/provenance/reused_results/k10/glove2m/ansmet/stats.yml,bd026a15aea824a04157b3caa154b6d11981864f8899b4c2d9a8c6608d5af732,latest_recall_gt0895:reused,simulator/run_case/figure14_recall_gt0895/configs/final/k10/glove2m/ansmet.yaml,,
k10,glove2m,ndp_base,500,NA,1000,286544247,8375.669814093319,0.8957,measured_reused,ndp_base,simulator/run_case/figure14_recall_gt0895/configs/final/k10/glove2m/ndp_base.yaml,simulator/run_case/figure14_recall_gt0895/provenance/reused_results/k10/glove2m/ndp_base/stats.yml,8309b6f3ed2e0707da2b7128617e4cb912d833bbadaa9b80a00a2d8da0b6476d,latest_recall_gt0895:reused,simulator/run_case/figure14_recall_gt0895/configs/final/k10/glove2m/ndp_base.yaml,,
k10,glove2m,ndp_fpma,500,NA,1000,286544247,8375.669814093319,0.8957,measured_reused,ndp_fpma,simulator/run_case/figure14_recall_gt0895/configs/final/k10/glove2m/ndp_fpma.yaml,simulator/run_case/figure14_recall_gt0895/provenance/reused_results/k10/glove2m/ndp_fpma/stats.yml,1820b6a884efce4921bc783b2524187b1e55ed6be9638e4a4f618d47f4d1ed1c,latest_recall_gt0895:reused,simulator/run_case/figure14_recall_gt0895/configs/final/k10/glove2m/ndp_fpma.yaml,,direct_ndp_fpma_measurement
k10,glove2m,ndp_et,520,900,1000,109346345,21948.60742716183,0.9002,measured_reused,ndp_et,simulator/run_case/figure14_recall_gt0895/configs/final/k10/glove2m/ndp_et.yaml,simulator/run_case/figure14_recall_gt0895/provenance/reused_results/k10/glove2m/ndp_et/stats.yml,1e68074ba9af398dd3010e326aa7270899becc18936b597bf748c88f9f248cbe,latest_recall_gt0895:reused,simulator/run_case/figure14_recall_gt0895/configs/final/k10/glove2m/ndp_et.yaml,,
k10,glove2m,mfnns,520,900,1000,104255291,23020.41437877719,0.9002,measured_completion,mfnns,simulator/run_case/figure14_recall_gt0895/configs/final/k10/glove2m/mfnns.yaml,memory/20260722/001_figure14_final_recall_gt0895_completion/logs/formal/formal_k10_glove2m_mfnns_ef0520_q0900_npq1000_stats.yml,d437615158400b115490c958703bf1138e15b31a64578cbe706d4e21d9966889,latest_recall_gt0895:completion,simulator/run_case/figure14_recall_gt0895/configs/final/k10/glove2m/mfnns.yaml,,
k10,sift1m,cpu,10,NA,1000,15423372,155607.99545002222,0.9046,measured_completion,cpu,simulator/run_case/figure14_recall_gt0895/configs/final/k10/sift1m/cpu.yaml,memory/20260722/001_figure14_final_recall_gt0895_completion/logs/formal/formal_k10_sift1m_cpu_ef0010_npq1000_stats.yml,9590770b8c457fe9b978b049b0ed3829fc8c921bba4799b0c95e359a1426e13d,latest_recall_gt0895:completion,simulator/run_case/figure14_recall_gt0895/configs/final/k10/sift1m/cpu.yaml,,
k10,sift1m,ansmet,10,NA,1000,992022,2419301.184852755,0.9021,measured_reused,ansmet,simulator/run_case/figure14_recall_gt0895/configs/final/k10/sift1m/ansmet.yaml,simulator/run_case/figure14_recall_gt0895/provenance/reused_results/k10/sift1m/ansmet/stats.yml,b62c00d67d33b2b9f4fb18a2c53b323dd37f4a0bed07541dd9b468375485ad5d,latest_recall_gt0895:reused,simulator/run_case/figure14_recall_gt0895/configs/final/k10/sift1m/ansmet.yaml,,
k10,sift1m,ndp_base,10,NA,1000,1410522,1701497.7433886179,0.9007,measured_reused,ndp_base,simulator/run_case/figure14_recall_gt0895/configs/final/k10/sift1m/ndp_base.yaml,simulator/run_case/figure14_recall_gt0895/provenance/reused_results/k10/sift1m/ndp_base/stats.yml,036a62df0ee470b73d3c950e3706bb16438b19ef39d170f957fe7a1a5ff6139e,latest_recall_gt0895:reused,simulator/run_case/figure14_recall_gt0895/configs/final/k10/sift1m/ndp_base.yaml,,
k10,sift1m,ndp_fpma,10,NA,1000,1410522,1701497.7433886179,0.9007,measured_reused,ndp_fpma,simulator/run_case/figure14_recall_gt0895/configs/final/k10/sift1m/ndp_fpma.yaml,simulator/run_case/figure14_recall_gt0895/provenance/reused_results/k10/sift1m/ndp_fpma/stats.yml,b6c15ddc0d2fc089ad8b4b2923600b82a2861c75954cce50166b28c0c57ef353,latest_recall_gt0895:reused,simulator/run_case/figure14_recall_gt0895/configs/final/k10/sift1m/ndp_fpma.yaml,,direct_ndp_fpma_measurement
k10,sift1m,ndp_et,10,15,1000,1259397,1905673.9058454165,0.8994,measured_reused,ndp_et,simulator/run_case/figure14_recall_gt0895/configs/final/k10/sift1m/ndp_et.yaml,simulator/run_case/figure14_recall_gt0895/provenance/reused_results/k10/sift1m/ndp_et/stats.yml,1a4a7e73aa7c64e0cee3c667c9dbabaee023997eb3f656a2f4e9843136f9f6e8,latest_recall_gt0895:reused,simulator/run_case/figure14_recall_gt0895/configs/final/k10/sift1m/ndp_et.yaml,,
k10,sift1m,mfnns,10,15,1000,927747,2586912.16463109,0.8994,measured_completion,mfnns,simulator/run_case/figure14_recall_gt0895/configs/final/k10/sift1m/mfnns.yaml,memory/20260722/001_figure14_final_recall_gt0895_completion/logs/formal/formal_k10_sift1m_mfnns_ef0010_q0015_npq1000_stats.yml,dff7765398f7378852393e7a0c308b6387b7a517c0ad187f99986928d17b969b,latest_recall_gt0895:completion,simulator/run_case/figure14_recall_gt0895/configs/final/k10/sift1m/mfnns.yaml,,
k10,t2i1m,cpu,35,NA,1000,79266897,30277.456174422976,0.9078,measured_completion,cpu,simulator/run_case/figure14_recall_gt0895/configs/final/k10/t2i1m/cpu.yaml,memory/20260722/001_figure14_final_recall_gt0895_completion/logs/formal/formal_k10_t2i1m_cpu_ef0035_npq1000_stats.yml,672e81c9ca37bbdce71f5a9cc132b3d1ae9b44d883c69a952d4118bb94ad60e0,latest_recall_gt0895:completion,simulator/run_case/figure14_recall_gt0895/configs/final/k10/t2i1m/cpu.yaml,,
k10,t2i1m,ansmet,35,NA,1000,5291097,453592.137887474,0.9066,measured_reused,ansmet,simulator/run_case/figure14_recall_gt0895/configs/final/k10/t2i1m/ansmet.yaml,simulator/run_case/figure14_recall_gt0895/provenance/reused_results/k10/t2i1m/ansmet/stats.yml,7ff89956f2683d11317beefc68536a8fe5601b4bf82a8d671b16fd76f15859fe,latest_recall_gt0895:reused,simulator/run_case/figure14_recall_gt0895/configs/final/k10/t2i1m/ansmet.yaml,,
k10,t2i1m,ndp_base,35,NA,1000,7148006,335757.9722233026,0.8986,measured_reused,ndp_base,simulator/run_case/figure14_recall_gt0895/configs/final/k10/t2i1m/ndp_base.yaml,simulator/run_case/figure14_recall_gt0895/provenance/reused_results/k10/t2i1m/ndp_base/stats.yml,26cb3ed646d5ec3ceba3d53a0a81cae100f5f4e80240603c59c3eab349835046,latest_recall_gt0895:reused,simulator/run_case/figure14_recall_gt0895/configs/final/k10/t2i1m/ndp_base.yaml,,
k10,t2i1m,ndp_fpma,35,NA,1000,7148006,335757.9722233026,0.8986,measured_reused,ndp_fpma,simulator/run_case/figure14_recall_gt0895/configs/final/k10/t2i1m/ndp_fpma.yaml,simulator/run_case/figure14_recall_gt0895/provenance/reused_results/k10/t2i1m/ndp_fpma/stats.yml,a7e1f27030e600d7b0bc169419e28b3d23352bd875b8aaff648ea24c6f7eb427,latest_recall_gt0895:reused,simulator/run_case/figure14_recall_gt0895/configs/final/k10/t2i1m/ndp_fpma.yaml,,direct_ndp_fpma_measurement
k10,t2i1m,ndp_et,35,140,1000,4110297,583899.4116483553,0.908,measured_reused,ndp_et,simulator/run_case/figure14_recall_gt0895/configs/final/k10/t2i1m/ndp_et.yaml,simulator/run_case/figure14_recall_gt0895/provenance/reused_results/k10/t2i1m/ndp_et/stats.yml,df82da8311bf4d7b6a6fd9022281a80aa07097237017decc741bf2bf7ab75e3f,latest_recall_gt0895:reused,simulator/run_case/figure14_recall_gt0895/configs/final/k10/t2i1m/ndp_et.yaml,,
k10,t2i1m,mfnns,35,140,1000,3783522,634329.6008322404,0.908,measured_completion,mfnns,simulator/run_case/figure14_recall_gt0895/configs/final/k10/t2i1m/mfnns.yaml,memory/20260722/001_figure14_final_recall_gt0895_completion/logs/formal/formal_k10_t2i1m_mfnns_ef0035_q0140_npq1000_stats.yml,ae1b11b371cc2a59f9629f370cb8865126ac6497c530734a87e8501867cc3cf6,latest_recall_gt0895:completion,simulator/run_case/figure14_recall_gt0895/configs/final/k10/t2i1m/mfnns.yaml,,
k10,w2v1m,cpu,25,NA,1000,88541622,27105.89602706849,0.9184,measured_completion,cpu,simulator/run_case/figure14_recall_gt0895/configs/final/k10/w2v1m/cpu.yaml,memory/20260722/001_figure14_final_recall_gt0895_completion/logs/formal/formal_k10_w2v1m_cpu_ef0025_npq1000_stats.yml,5e4b4f313c8c9a1953aec863afd332462449c356745b67292a4247d257e2ad0d,latest_recall_gt0895:completion,simulator/run_case/figure14_recall_gt0895/configs/final/k10/w2v1m/cpu.yaml,,
k10,w2v1m,ansmet,25,NA,1000,5377347,446316.7431820933,0.9181,measured_reused,ansmet,simulator/run_case/figure14_recall_gt0895/configs/final/k10/w2v1m/ansmet.yaml,simulator/run_case/figure14_recall_gt0895/provenance/reused_results/k10/w2v1m/ansmet/stats.yml,7f771e43c2012b0a48ff06814b32fcf6ff9d4fbfc7374eedde57cf8ebfd4e263,latest_recall_gt0895:reused,simulator/run_case/figure14_recall_gt0895/configs/final/k10/w2v1m/ansmet.yaml,,
k10,w2v1m,ndp_base,25,NA,1000,7863222,305218.39520746074,0.9145,measured_reused,ndp_base,simulator/run_case/figure14_recall_gt0895/configs/final/k10/w2v1m/ndp_base.yaml,simulator/run_case/figure14_recall_gt0895/provenance/reused_results/k10/w2v1m/ndp_base/stats.yml,3cec59e186d7071088e1b9e669140bb2d000a07222589fd11260de44aab2c148,latest_recall_gt0895:reused,simulator/run_case/figure14_recall_gt0895/configs/final/k10/w2v1m/ndp_base.yaml,,
k10,w2v1m,ndp_fpma,25,NA,1000,7863222,305218.39520746074,0.9145,measured_reused,ndp_fpma,simulator/run_case/figure14_recall_gt0895/configs/final/k10/w2v1m/ndp_fpma.yaml,simulator/run_case/figure14_recall_gt0895/provenance/reused_results/k10/w2v1m/ndp_fpma/stats.yml,52742d430b7c6cfab360ff3d157ba465337a99a8e1e28180de7a7f388d412d3d,latest_recall_gt0895:reused,simulator/run_case/figure14_recall_gt0895/configs/final/k10/w2v1m/ndp_fpma.yaml,,direct_ndp_fpma_measurement
k10,w2v1m,ndp_et,25,33,1000,3395772,706761.2313194172,0.9067,measured_reused,ndp_et,simulator/run_case/figure14_recall_gt0895/configs/final/k10/w2v1m/ndp_et.yaml,simulator/run_case/figure14_recall_gt0895/provenance/reused_results/k10/w2v1m/ndp_et/stats.yml,c4afaa885ef9fab5c04df4b2a499473d082163747b1d552c7a296c9e5d806080,latest_recall_gt0895:reused,simulator/run_case/figure14_recall_gt0895/configs/final/k10/w2v1m/ndp_et.yaml,,
k10,w2v1m,mfnns,25,33,1000,2995722,801142.4291039022,0.9067,measured_completion,mfnns,simulator/run_case/figure14_recall_gt0895/configs/final/k10/w2v1m/mfnns.yaml,memory/20260722/001_figure14_final_recall_gt0895_completion/logs/formal/formal_k10_w2v1m_mfnns_ef0025_q0033_npq1000_stats.yml,9139cdb5c12196261e708ab306a610f851699da8e315d933adf09d0241bb0c23,latest_recall_gt0895:completion,simulator/run_case/figure14_recall_gt0895/configs/final/k10/w2v1m/mfnns.yaml,,
k10,wiki1m,cpu,21,NA,1000,146506947,16381.4757535013,0.9036,measured_completion,cpu,simulator/run_case/figure14_recall_gt0895/configs/final/k10/wiki1m/cpu.yaml,memory/20260722/001_figure14_final_recall_gt0895_completion/logs/formal/formal_k10_wiki1m_cpu_ef0021_npq1000_stats.yml,fc813010041f627f8c01fbaec7463276aa8005d58e3fdc064d7451c803bd775a,latest_recall_gt0895:completion,simulator/run_case/figure14_recall_gt0895/configs/final/k10/wiki1m/cpu.yaml,,
k10,wiki1m,ansmet,21,NA,1000,8610597,278726.3182796733,0.9034,measured_completion,ansmet,simulator/run_case/figure14_recall_gt0895/configs/final/k10/wiki1m/ansmet.yaml,memory/20260722/001_figure14_final_recall_gt0895_completion/logs/formal/formal_k10_wiki1m_ansmet_ef0021_npq1000_stats.yml,2e3498f6c4d5afeaca1349a9a5d9b567f49de734be32da9182d7755b95f5d8b5,latest_recall_gt0895:completion,simulator/run_case/figure14_recall_gt0895/configs/final/k10/wiki1m/ansmet.yaml,,
k10,wiki1m,ndp_base,21,NA,1000,12960522,185177.72663786227,0.9045,measured_completion,ndp_base,simulator/run_case/figure14_recall_gt0895/configs/final/k10/wiki1m/ndp_base.yaml,memory/20260722/001_figure14_final_recall_gt0895_completion/logs/formal/formal_k10_wiki1m_ndp_base_ef0021_npq1000_stats.yml,cd4a0b78351719009c0bf8183c67ec5c167fc5f9205d8ef4020fac725c687a78,latest_recall_gt0895:completion,simulator/run_case/figure14_recall_gt0895/configs/final/k10/wiki1m/ndp_base.yaml,,
k10,wiki1m,ndp_fpma,21,NA,1000,12960522,185177.72663786227,0.9045,derived_copy_from_ndp_base,ndp_base,simulator/run_case/figure14_recall_gt0895/configs/final/k10/wiki1m/ndp_fpma.yaml,memory/20260722/001_figure14_final_recall_gt0895_completion/logs/formal/formal_k10_wiki1m_ndp_base_ef0021_npq1000_stats.yml,cd4a0b78351719009c0bf8183c67ec5c167fc5f9205d8ef4020fac725c687a78,latest_recall_gt0895:cancelled_fpma_fallback,simulator/run_case/figure14_recall_gt0895/configs/final/k10/wiki1m/ndp_fpma.yaml,,direct_ndp_fpma_cancelled;copied_from=latest_ndp_base
k10,wiki1m,ndp_et,20,70,1000,8359722,287090.88651512575,0.9041,measured_reused,ndp_et,simulator/run_case/figure14_recall_gt0895/configs/final/k10/wiki1m/ndp_et.yaml,simulator/run_case/figure14_recall_gt0895/provenance/reused_results/k10/wiki1m/ndp_et/stats.yml,15d78a37be6e54498fa11bc8bf6f814529d7c9aa663996482deb70cdc1901a27,latest_recall_gt0895:reused,simulator/run_case/figure14_recall_gt0895/configs/final/k10/wiki1m/ndp_et.yaml,,
k10,wiki1m,mfnns,20,70,1000,7164072,335005.00832487445,0.9041,measured_completion,mfnns,simulator/run_case/figure14_recall_gt0895/configs/final/k10/wiki1m/mfnns.yaml,memory/20260722/001_figure14_final_recall_gt0895_completion/logs/formal/formal_k10_wiki1m_mfnns_ef0020_q0070_npq1000_stats.yml,b5141398f5e5a3e8ec801add9313d14ed443bcb82da737ef6eb24505b0d691d7,latest_recall_gt0895:completion,simulator/run_case/figure14_recall_gt0895/configs/final/k10/wiki1m/mfnns.yaml,,
k10,pubmed,cpu,320,NA,1000,3424674072,700.796615836323,0.9378,measured_completion,cpu,simulator/run_case/figure14_recall_gt0895/configs/final/k10/pubmed/cpu.yaml,memory/20260722/001_figure14_final_recall_gt0895_completion/logs/formal/formal_k10_pubmed_cpu_ef0320_npq1000_stats.yml,aea50de9ea803062b7cc7c3c8d9280cbb6df3959887ce4b9e57011bc81ce86e6,latest_recall_gt0895:completion,simulator/run_case/figure14_recall_gt0895/configs/final/k10/pubmed/cpu.yaml,,
k10,pubmed,ansmet,320,NA,1000,225867597,10625.694131770482,0.9342,measured_completion,ansmet,simulator/run_case/figure14_recall_gt0895/configs/final/k10/pubmed/ansmet.yaml,memory/20260722/001_figure14_final_recall_gt0895_completion/logs/formal/formal_k10_pubmed_ansmet_ef0320_npq1000_stats.yml,491f5e3f0f32a5f5c72e245222c5ba8a2ed50d79064fa7e461679801044fa24b,latest_recall_gt0895:completion,simulator/run_case/figure14_recall_gt0895/configs/final/k10/pubmed/ansmet.yaml,,
k10,pubmed,ndp_base,320,NA,1000,263940372,9092.962860566098,0.9022,measured_completion,ndp_base,simulator/run_case/figure14_recall_gt0895/configs/final/k10/pubmed/ndp_base.yaml,memory/20260722/001_figure14_final_recall_gt0895_completion/logs/formal/formal_k10_pubmed_ndp_base_ef0320_npq1000_stats.yml,fd97c42038a80d2113582408c62946172f584c99f01114048042f76a5e58fffc,latest_recall_gt0895:completion,simulator/run_case/figure14_recall_gt0895/configs/final/k10/pubmed/ndp_base.yaml,,
k10,pubmed,ndp_fpma,320,NA,1000,263940372,9092.962860566098,0.9022,derived_copy_from_ndp_base,ndp_base,simulator/run_case/figure14_recall_gt0895/configs/final/k10/pubmed/ndp_fpma.yaml,memory/20260722/001_figure14_final_recall_gt0895_completion/logs/formal/formal_k10_pubmed_ndp_base_ef0320_npq1000_stats.yml,fd97c42038a80d2113582408c62946172f584c99f01114048042f76a5e58fffc,latest_recall_gt0895:cancelled_fpma_fallback,simulator/run_case/figure14_recall_gt0895/configs/final/k10/pubmed/ndp_fpma.yaml,,direct_ndp_fpma_cancelled;copied_from=latest_ndp_base
k10,pubmed,ndp_et,220,700,1000,113729172,21102.765084757673,0.904,measured_reused,ndp_et,simulator/run_case/figure14_recall_gt0895/configs/final/k10/pubmed/ndp_et.yaml,simulator/run_case/figure14_recall_gt0895/provenance/reused_results/k10/pubmed/ndp_et/stats.yml,f2a5d4861d73a547d3420faee1498ce9b58803be9207b7e0f9c104120fcca548,latest_recall_gt0895:reused,simulator/run_case/figure14_recall_gt0895/configs/final/k10/pubmed/ndp_et.yaml,,
k10,pubmed,mfnns,220,700,1000,101613372,23618.938657010614,0.904,measured_completion,mfnns,simulator/run_case/figure14_recall_gt0895/configs/final/k10/pubmed/mfnns.yaml,memory/20260722/001_figure14_final_recall_gt0895_completion/logs/formal/formal_k10_pubmed_mfnns_ef0220_q0700_npq1000_stats.yml,3202be06d73e0ef9a712e249a078e48058a52968735bfbd9e1c57a9c172864b9,latest_recall_gt0895:completion,simulator/run_case/figure14_recall_gt0895/configs/final/k10/pubmed/mfnns.yaml,,
