top_k,dataset_key,dataset_label,dataset_short,method,source_design,qps,recall,data_status,figure14_source,figure14_stats_ref,figure14_config_ref,figure14_note,area_mm2,area_efficiency_kqps_per_mm2,normalized_area_efficiency_vs_ansmet,derivation_note
k10,deep10m,Deep10M,DP,ANSMET,ansmet,1823677.7196733793,0.9016,measured_reused,latest_recall_gt0895:reused,simulator/run_case/figure14_recall_gt0895/provenance/reused_results/k10/deep10m/ansmet/stats.yml,simulator/run_case/figure14_recall_gt0895/configs/final/k10/deep10m/ansmet.yaml,,0.020913242,87202.05693949218,1.0,Measured Figure 14 QPS
k10,deep10m,Deep10M,DP,NMP-Base,ndp_base,1201067.7492290647,0.8983,measured_reused,latest_recall_gt0895:reused,simulator/run_case/figure14_recall_gt0895/provenance/reused_results/k10/deep10m/ndp_base/stats.yml,simulator/run_case/figure14_recall_gt0895/configs/final/k10/deep10m/ndp_base.yaml,,0.020913242,57430.96882009326,0.6585964922816385,Measured Figure 14 QPS
k10,deep10m,Deep10M,DP,NMP-FPMA,ndp_fpma,1201067.7492290647,0.8983,measured_reused,latest_recall_gt0895:reused,simulator/run_case/figure14_recall_gt0895/provenance/reused_results/k10/deep10m/ndp_fpma/stats.yml,simulator/run_case/figure14_recall_gt0895/configs/final/k10/deep10m/ndp_fpma.yaml,direct_ndp_fpma_measurement,0.01208361,99396.43444542357,1.1398404800748316,Use current Figure 14 NMP-FPMA QPS
k10,deep10m,Deep10M,DP,NMP-FPSA,ndp_fpma,1201067.7492290647,0.8983,measured_reused,latest_recall_gt0895:reused,simulator/run_case/figure14_recall_gt0895/provenance/reused_results/k10/deep10m/ndp_fpma/stats.yml,simulator/run_case/figure14_recall_gt0895/configs/final/k10/deep10m/ndp_fpma.yaml,direct_ndp_fpma_measurement,0.009678554,124095.78426995031,1.4230832233241697,Derived: reuse current Figure 14 NMP-FPMA QPS
k10,deep10m,Deep10M,DP,NMP-Base-ET,mfnns,1970205.5663232761,0.9026,measured_reused,latest_recall_gt0895:reused,simulator/run_case/figure14_recall_gt0895/provenance/reused_results/k10/deep10m/mfnns/stats.yml,simulator/run_case/figure14_recall_gt0895/configs/final/k10/deep10m/mfnns.yaml,,0.020913242,94208.5194788678,1.0803474457516211,Derived: reuse current Figure 14 MFNNS QPS and NMP-Base area
k10,deep10m,Deep10M,DP,MFNNS,mfnns,1970205.5663232761,0.9026,measured_reused,latest_recall_gt0895:reused,simulator/run_case/figure14_recall_gt0895/provenance/reused_results/k10/deep10m/mfnns/stats.yml,simulator/run_case/figure14_recall_gt0895/configs/final/k10/deep10m/mfnns.yaml,,0.009678554,203564.04131477448,2.3343949496056458,Measured Figure 14 QPS
k10,glove2m,GloVe2M,GV,ANSMET,ansmet,11801.638241462078,0.9007,measured_reused,latest_recall_gt0895:reused,simulator/run_case/figure14_recall_gt0895/provenance/reused_results/k10/glove2m/ansmet/stats.yml,simulator/run_case/figure14_recall_gt0895/configs/final/k10/glove2m/ansmet.yaml,,0.020913242,564.3141432333676,1.0,Measured Figure 14 QPS
k10,glove2m,GloVe2M,GV,NMP-Base,ndp_base,8375.669814093319,0.8957,measured_reused,latest_recall_gt0895:reused,simulator/run_case/figure14_recall_gt0895/provenance/reused_results/k10/glove2m/ndp_base/stats.yml,simulator/run_case/figure14_recall_gt0895/configs/final/k10/glove2m/ndp_base.yaml,,0.020913242,400.49600220249545,0.7097039955577961,Measured Figure 14 QPS
k10,glove2m,GloVe2M,GV,NMP-FPMA,ndp_fpma,8375.669814093319,0.8957,measured_reused,latest_recall_gt0895:reused,simulator/run_case/figure14_recall_gt0895/provenance/reused_results/k10/glove2m/ndp_fpma/stats.yml,simulator/run_case/figure14_recall_gt0895/configs/final/k10/glove2m/ndp_fpma.yaml,direct_ndp_fpma_measurement,0.01208361,693.1430105815497,1.2282928203961492,Use current Figure 14 NMP-FPMA QPS
k10,glove2m,GloVe2M,GV,NMP-FPSA,ndp_fpma,8375.669814093319,0.8957,measured_reused,latest_recall_gt0895:reused,simulator/run_case/figure14_recall_gt0895/provenance/reused_results/k10/glove2m/ndp_fpma/stats.yml,simulator/run_case/figure14_recall_gt0895/configs/final/k10/glove2m/ndp_fpma.yaml,direct_ndp_fpma_measurement,0.009678554,865.3844173513232,1.5335153792051077,Derived: reuse current Figure 14 NMP-FPMA QPS
k10,glove2m,GloVe2M,GV,NMP-Base-ET,mfnns,23020.41437877719,0.9002,measured_completion,latest_recall_gt0895:completion,memory/20260722/001_figure14_final_recall_gt0895_completion/logs/formal/formal_k10_glove2m_mfnns_ef0520_q0900_npq1000_stats.yml,simulator/run_case/figure14_recall_gt0895/configs/final/k10/glove2m/mfnns.yaml,,0.020913242,1100.75780592876,1.9506117631957887,Derived: reuse current Figure 14 MFNNS QPS and NMP-Base area
k10,glove2m,GloVe2M,GV,MFNNS,mfnns,23020.41437877719,0.9002,measured_completion,latest_recall_gt0895:completion,memory/20260722/001_figure14_final_recall_gt0895_completion/logs/formal/formal_k10_glove2m_mfnns_ef0520_q0900_npq1000_stats.yml,simulator/run_case/figure14_recall_gt0895/configs/final/k10/glove2m/mfnns.yaml,,0.009678554,2378.4972815957,4.214846128022865,Measured Figure 14 QPS
k10,sift1m,SIFT1M,SF,ANSMET,ansmet,2419301.184852755,0.9021,measured_reused,latest_recall_gt0895:reused,simulator/run_case/figure14_recall_gt0895/provenance/reused_results/k10/sift1m/ansmet/stats.yml,simulator/run_case/figure14_recall_gt0895/configs/final/k10/sift1m/ansmet.yaml,,0.020913242,115682.74229565916,1.0,Measured Figure 14 QPS
k10,sift1m,SIFT1M,SF,NMP-Base,ndp_base,1701497.7433886179,0.9007,measured_reused,latest_recall_gt0895:reused,simulator/run_case/figure14_recall_gt0895/provenance/reused_results/k10/sift1m/ndp_base/stats.yml,simulator/run_case/figure14_recall_gt0895/configs/final/k10/sift1m/ndp_base.yaml,,0.020913242,81359.8266298749,0.7033013309966097,Measured Figure 14 QPS
k10,sift1m,SIFT1M,SF,NMP-FPMA,ndp_fpma,1701497.7433886179,0.9007,measured_reused,latest_recall_gt0895:reused,simulator/run_case/figure14_recall_gt0895/provenance/reused_results/k10/sift1m/ndp_fpma/stats.yml,simulator/run_case/figure14_recall_gt0895/configs/final/k10/sift1m/ndp_fpma.yaml,direct_ndp_fpma_measurement,0.01208361,140810.38227720174,1.217211655627267,Use current Figure 14 NMP-FPMA QPS
k10,sift1m,SIFT1M,SF,NMP-FPSA,ndp_fpma,1701497.7433886179,0.9007,measured_reused,latest_recall_gt0895:reused,simulator/run_case/figure14_recall_gt0895/provenance/reused_results/k10/sift1m/ndp_fpma/stats.yml,simulator/run_case/figure14_recall_gt0895/configs/final/k10/sift1m/ndp_fpma.yaml,direct_ndp_fpma_measurement,0.009678554,175800.82142318136,1.5196806190319543,Derived: reuse current Figure 14 NMP-FPMA QPS
k10,sift1m,SIFT1M,SF,NMP-Base-ET,mfnns,2586912.16463109,0.8994,measured_completion,latest_recall_gt0895:completion,memory/20260722/001_figure14_final_recall_gt0895_completion/logs/formal/formal_k10_sift1m_mfnns_ef0010_q0015_npq1000_stats.yml,simulator/run_case/figure14_recall_gt0895/configs/final/k10/sift1m/mfnns.yaml,,0.020913242,123697.32845013175,1.0692807414090264,Derived: reuse current Figure 14 MFNNS QPS and NMP-Base area
k10,sift1m,SIFT1M,SF,MFNNS,mfnns,2586912.16463109,0.8994,measured_completion,latest_recall_gt0895:completion,memory/20260722/001_figure14_final_recall_gt0895_completion/logs/formal/formal_k10_sift1m_mfnns_ef0010_q0015_npq1000_stats.yml,simulator/run_case/figure14_recall_gt0895/configs/final/k10/sift1m/mfnns.yaml,,0.009678554,267282.91898057185,2.310482217800963,Measured Figure 14 QPS
k10,t2i1m,T2I1M,T2I,ANSMET,ansmet,453592.137887474,0.9066,measured_reused,latest_recall_gt0895:reused,simulator/run_case/figure14_recall_gt0895/provenance/reused_results/k10/t2i1m/ansmet/stats.yml,simulator/run_case/figure14_recall_gt0895/configs/final/k10/t2i1m/ansmet.yaml,,0.020913242,21689.2310569291,1.0,Measured Figure 14 QPS
k10,t2i1m,T2I1M,T2I,NMP-Base,ndp_base,335757.9722233026,0.8986,measured_reused,latest_recall_gt0895:reused,simulator/run_case/figure14_recall_gt0895/provenance/reused_results/k10/t2i1m/ndp_base/stats.yml,simulator/run_case/figure14_recall_gt0895/configs/final/k10/t2i1m/ndp_base.yaml,,0.020913242,16054.802608954777,0.7402199998153332,Measured Figure 14 QPS
k10,t2i1m,T2I1M,T2I,NMP-FPMA,ndp_fpma,335757.9722233026,0.8986,measured_reused,latest_recall_gt0895:reused,simulator/run_case/figure14_recall_gt0895/provenance/reused_results/k10/t2i1m/ndp_fpma/stats.yml,simulator/run_case/figure14_recall_gt0895/configs/final/k10/t2i1m/ndp_fpma.yaml,direct_ndp_fpma_measurement,0.01208361,27786.23045789318,1.2811072179073983,Use current Figure 14 NMP-FPMA QPS
k10,t2i1m,T2I1M,T2I,NMP-FPSA,ndp_fpma,335757.9722233026,0.8986,measured_reused,latest_recall_gt0895:reused,simulator/run_case/figure14_recall_gt0895/provenance/reused_results/k10/t2i1m/ndp_fpma/stats.yml,simulator/run_case/figure14_recall_gt0895/configs/final/k10/t2i1m/ndp_fpma.yaml,direct_ndp_fpma_measurement,0.009678554,34690.92306798129,1.5994538016090023,Derived: reuse current Figure 14 NMP-FPMA QPS
k10,t2i1m,T2I1M,T2I,NMP-Base-ET,mfnns,634329.6008322404,0.908,measured_completion,latest_recall_gt0895:completion,memory/20260722/001_figure14_final_recall_gt0895_completion/logs/formal/formal_k10_t2i1m_mfnns_ef0035_q0140_npq1000_stats.yml,simulator/run_case/figure14_recall_gt0895/configs/final/k10/t2i1m/mfnns.yaml,,0.020913242,30331.48092640254,1.398458103322777,Derived: reuse current Figure 14 MFNNS QPS and NMP-Base area
k10,t2i1m,T2I1M,T2I,MFNNS,mfnns,634329.6008322404,0.908,measured_completion,latest_recall_gt0895:completion,memory/20260722/001_figure14_final_recall_gt0895_completion/logs/formal/formal_k10_t2i1m_mfnns_ef0035_q0140_npq1000_stats.yml,simulator/run_case/figure14_recall_gt0895/configs/final/k10/t2i1m/mfnns.yaml,,0.009678554,65539.7077737274,3.0217626250419465,Measured Figure 14 QPS
k10,w2v1m,W2V1M,W2V,ANSMET,ansmet,446316.7431820933,0.9181,measured_reused,latest_recall_gt0895:reused,simulator/run_case/figure14_recall_gt0895/provenance/reused_results/k10/w2v1m/ansmet/stats.yml,simulator/run_case/figure14_recall_gt0895/configs/final/k10/w2v1m/ansmet.yaml,,0.020913242,21341.346462786274,1.0,Measured Figure 14 QPS
k10,w2v1m,W2V1M,W2V,NMP-Base,ndp_base,305218.39520746074,0.9145,measured_reused,latest_recall_gt0895:reused,simulator/run_case/figure14_recall_gt0895/provenance/reused_results/k10/w2v1m/ndp_base/stats.yml,simulator/run_case/figure14_recall_gt0895/configs/final/k10/w2v1m/ndp_base.yaml,,0.020913242,14594.504056686226,0.6838605090890223,Measured Figure 14 QPS
k10,w2v1m,W2V1M,W2V,NMP-FPMA,ndp_fpma,305218.39520746074,0.9145,measured_reused,latest_recall_gt0895:reused,simulator/run_case/figure14_recall_gt0895/provenance/reused_results/k10/w2v1m/ndp_fpma/stats.yml,simulator/run_case/figure14_recall_gt0895/configs/final/k10/w2v1m/ndp_fpma.yaml,direct_ndp_fpma_measurement,0.01208361,25258.87505534031,1.1835652028509627,Use current Figure 14 NMP-FPMA QPS
k10,w2v1m,W2V1M,W2V,NMP-FPSA,ndp_fpma,305218.39520746074,0.9145,measured_reused,latest_recall_gt0895:reused,simulator/run_case/figure14_recall_gt0895/provenance/reused_results/k10/w2v1m/ndp_fpma/stats.yml,simulator/run_case/figure14_recall_gt0895/configs/final/k10/w2v1m/ndp_fpma.yaml,direct_ndp_fpma_measurement,0.009678554,31535.5367348739,1.4776732475555667,Derived: reuse current Figure 14 NMP-FPMA QPS
k10,w2v1m,W2V1M,W2V,NMP-Base-ET,mfnns,801142.4291039022,0.9067,measured_completion,latest_recall_gt0895:completion,memory/20260722/001_figure14_final_recall_gt0895_completion/logs/formal/formal_k10_w2v1m_mfnns_ef0025_q0033_npq1000_stats.yml,simulator/run_case/figure14_recall_gt0895/configs/final/k10/w2v1m/mfnns.yaml,,0.020913242,38307.902194404014,1.7950086823810754,Derived: reuse current Figure 14 MFNNS QPS and NMP-Base area
k10,w2v1m,W2V1M,W2V,MFNNS,mfnns,801142.4291039022,0.9067,measured_completion,latest_recall_gt0895:completion,memory/20260722/001_figure14_final_recall_gt0895_completion/logs/formal/formal_k10_w2v1m_mfnns_ef0025_q0033_npq1000_stats.yml,simulator/run_case/figure14_recall_gt0895/configs/final/k10/w2v1m/mfnns.yaml,,0.009678554,82775.01257976162,3.8786218444135936,Measured Figure 14 QPS
k10,wiki1m,Wiki1M,WK,ANSMET,ansmet,278726.3182796733,0.9034,measured_completion,latest_recall_gt0895:completion,memory/20260722/001_figure14_final_recall_gt0895_completion/logs/formal/formal_k10_wiki1m_ansmet_ef0021_npq1000_stats.yml,simulator/run_case/figure14_recall_gt0895/configs/final/k10/wiki1m/ansmet.yaml,,0.020913242,13327.74317246811,1.0,Measured Figure 14 QPS
k10,wiki1m,Wiki1M,WK,NMP-Base,ndp_base,185177.72663786227,0.9045,measured_completion,latest_recall_gt0895:completion,memory/20260722/001_figure14_final_recall_gt0895_completion/logs/formal/formal_k10_wiki1m_ndp_base_ef0021_npq1000_stats.yml,simulator/run_case/figure14_recall_gt0895/configs/final/k10/wiki1m/ndp_base.yaml,,0.020913242,8854.568155327725,0.664371157272832,Measured Figure 14 QPS
k10,wiki1m,Wiki1M,WK,NMP-FPMA,ndp_fpma,185177.72663786227,0.9045,derived_copy_from_ndp_base,latest_recall_gt0895:cancelled_fpma_fallback,memory/20260722/001_figure14_final_recall_gt0895_completion/logs/formal/formal_k10_wiki1m_ndp_base_ef0021_npq1000_stats.yml,simulator/run_case/figure14_recall_gt0895/configs/final/k10/wiki1m/ndp_fpma.yaml,direct_ndp_fpma_cancelled;copied_from=latest_ndp_base,0.01208361,15324.702356155343,1.1498347588069124,Use current Figure 14 NMP-FPMA QPS
k10,wiki1m,Wiki1M,WK,NMP-FPSA,ndp_fpma,185177.72663786227,0.9045,derived_copy_from_ndp_base,latest_recall_gt0895:cancelled_fpma_fallback,memory/20260722/001_figure14_final_recall_gt0895_completion/logs/formal/formal_k10_wiki1m_ndp_base_ef0021_npq1000_stats.yml,simulator/run_case/figure14_recall_gt0895/configs/final/k10/wiki1m/ndp_fpma.yaml,direct_ndp_fpma_cancelled;copied_from=latest_ndp_base,0.009678554,19132.7884969038,1.435561013542601,Derived: reuse current Figure 14 NMP-FPMA QPS
k10,wiki1m,Wiki1M,WK,NMP-Base-ET,mfnns,335005.00832487445,0.9041,measured_completion,latest_recall_gt0895:completion,memory/20260722/001_figure14_final_recall_gt0895_completion/logs/formal/formal_k10_wiki1m_mfnns_ef0020_q0070_npq1000_stats.yml,simulator/run_case/figure14_recall_gt0895/configs/final/k10/wiki1m/mfnns.yaml,,0.020913242,16018.798439996748,1.2019137998613079,Derived: reuse current Figure 14 MFNNS QPS and NMP-Base area
k10,wiki1m,Wiki1M,WK,MFNNS,mfnns,335005.00832487445,0.9041,measured_completion,latest_recall_gt0895:completion,memory/20260722/001_figure14_final_recall_gt0895_completion/logs/formal/formal_k10_wiki1m_mfnns_ef0020_q0070_npq1000_stats.yml,simulator/run_case/figure14_recall_gt0895/configs/final/k10/wiki1m/mfnns.yaml,,0.009678554,34613.12591993333,2.597073298308724,Measured Figure 14 QPS
k10,pubmed,PubMed,PM,ANSMET,ansmet,10625.694131770482,0.9342,measured_completion,latest_recall_gt0895:completion,memory/20260722/001_figure14_final_recall_gt0895_completion/logs/formal/formal_k10_pubmed_ansmet_ef0320_npq1000_stats.yml,simulator/run_case/figure14_recall_gt0895/configs/final/k10/pubmed/ansmet.yaml,,0.020913242,508.08450128251195,1.0,Measured Figure 14 QPS
k10,pubmed,PubMed,PM,NMP-Base,ndp_base,9092.962860566098,0.9022,measured_completion,latest_recall_gt0895:completion,memory/20260722/001_figure14_final_recall_gt0895_completion/logs/formal/formal_k10_pubmed_ndp_base_ef0320_npq1000_stats.yml,simulator/run_case/figure14_recall_gt0895/configs/final/k10/pubmed/ndp_base.yaml,,0.020913242,434.7945125182456,0.8557523628859628,Measured Figure 14 QPS
k10,pubmed,PubMed,PM,NMP-FPMA,ndp_fpma,9092.962860566098,0.9022,derived_copy_from_ndp_base,latest_recall_gt0895:cancelled_fpma_fallback,memory/20260722/001_figure14_final_recall_gt0895_completion/logs/formal/formal_k10_pubmed_ndp_base_ef0320_npq1000_stats.yml,simulator/run_case/figure14_recall_gt0895/configs/final/k10/pubmed/ndp_fpma.yaml,direct_ndp_fpma_cancelled;copied_from=latest_ndp_base,0.01208361,752.5038345797406,1.4810603997568572,Use current Figure 14 NMP-FPMA QPS
k10,pubmed,PubMed,PM,NMP-FPSA,ndp_fpma,9092.962860566098,0.9022,derived_copy_from_ndp_base,latest_recall_gt0895:cancelled_fpma_fallback,memory/20260722/001_figure14_final_recall_gt0895_completion/logs/formal/formal_k10_pubmed_ndp_base_ef0320_npq1000_stats.yml,simulator/run_case/figure14_recall_gt0895/configs/final/k10/pubmed/ndp_fpma.yaml,direct_ndp_fpma_cancelled;copied_from=latest_ndp_base,0.009678554,939.4960094830383,1.8490940131248899,Derived: reuse current Figure 14 NMP-FPMA QPS
k10,pubmed,PubMed,PM,NMP-Base-ET,mfnns,23618.938657010614,0.904,measured_completion,latest_recall_gt0895:completion,memory/20260722/001_figure14_final_recall_gt0895_completion/logs/formal/formal_k10_pubmed_mfnns_ef0220_q0700_npq1000_stats.yml,simulator/run_case/figure14_recall_gt0895/configs/final/k10/pubmed/mfnns.yaml,,0.020913242,1129.3771982847334,2.222813715895581,Derived: reuse current Figure 14 MFNNS QPS and NMP-Base area
k10,pubmed,PubMed,PM,MFNNS,mfnns,23618.938657010614,0.904,measured_completion,latest_recall_gt0895:completion,memory/20260722/001_figure14_final_recall_gt0895_completion/logs/formal/formal_k10_pubmed_mfnns_ef0220_q0700_npq1000_stats.yml,simulator/run_case/figure14_recall_gt0895/configs/final/k10/pubmed/mfnns.yaml,,0.009678554,2440.337539782349,4.803015115836883,Measured Figure 14 QPS
