dataset	dataset_short	design	config_ref	config_sha256	source_yaml_ref	stats_ref	stats_sha256	source_slurm_ref	source_slurm_sha256	row_policy	ef_search	queue_size	recall	n_query	gt_k
deep10m	DP	ansmet_open	configs/ansmet_open/deep10m_normalized_ansmet_open.yaml	58991a064b7862142493852bde9ab0352093c632e066a02e9ae98c0b53fc5c18	simulator/memory/20260404/ansmet_rowpolicy_seven_dataset_k10_nq1000/yamls/deep10m_normalized_ansmet_open.yaml	simulator/memory/20260404/ansmet_rowpolicy_seven_dataset_k10_nq1000/logs/deep10m_normalized_ansmet_open_stats.yml	43a2124e3421eadec855d731771dfdf12dc662e9c843f21c2e36239fe17758e4	simulator/memory/20260404/ansmet_rowpolicy_seven_dataset_k10_nq1000/runs/formal_submit/01_deep10m_normalized_ansmet_open/slurm-9667337.out	c634859c42f4b82d6ac5973de8bbce3d7e9604437d49e3a4774866a7fd61722c	OpenRowPolicy	12	40	0.877	1000	10
deep10m	DP	ndp_et	configs/ndp_et/deep10m_normalized_ndp_et.yaml	fe6a1c40f001325fdeeeb3d7eee8a6e6b5670fb2570fa9434f18306548e81eae	simulator/memory/20260331/eight_config_k10_nq1000_noncpu_ndpfpma_nfmac16_emb017_stdfp16_finalize40_12/yamls/deep10m_normalized_ndp_et.yaml	simulator/memory/20260331/eight_config_k10_nq1000_noncpu_ndpfpma_nfmac16_emb017_stdfp16_finalize40_12/logs/deep10m_normalized_ndp_et_stats.yml	128bdfa74dd8828a0f5931b68770cc2830a54a53a2d7c2f950dd2fe47ceb5fda	simulator/memory/20260331/eight_config_k10_nq1000_noncpu_ndpfpma_nfmac16_emb017_stdfp16_finalize40_12/runs/formal_submit/04_deep10m_normalized_ndp_et/slurm-9624219.out	82637ce584bbae31acd79c375dc66542ddeb0e9a8af0c542297c325a801b2c05	ClosedRowPolicy	12	40	0.8773	1000	10
deep10m	DP	mfnns	configs/mfnns/deep10m_normalized_mfnns.yaml	d8f25b58af633704456041d53ae2c108f8bdabc9525178acff1dfb0de47dbe17	simulator/memory/20260331/eight_config_k10_nq1000_noncpu_ndpfpma_nfmac16_emb017_stdfp16_finalize40_12/yamls/deep10m_normalized_mfnns.yaml	simulator/memory/20260331/eight_config_k10_nq1000_noncpu_ndpfpma_nfmac16_emb017_stdfp16_finalize40_12/logs/deep10m_normalized_mfnns_stats.yml	166f657dea730fcb84dc35c824b60744a71cc1118823f4db94635a2ef10b856d	simulator/memory/20260331/eight_config_k10_nq1000_noncpu_ndpfpma_nfmac16_emb017_stdfp16_finalize40_12/runs/formal_submit/06_deep10m_normalized_mfnns/slurm-9624221.out	5d428a2f662c29c3b229cb96c76b0f454658f5b42f25b5b88631146cdfa9d8e8	OpenRowPolicy	12	40	0.8773	1000	10
glove2m	GV	ansmet_open	configs/ansmet_open/glove2m_normalized_ansmet_open.yaml	d625c2bad8aa5be82a7ceafb59a7fde7bc471784ed51e7219d1857fd43e0605f	simulator/memory/20260404/ansmet_rowpolicy_seven_dataset_k10_nq1000/yamls/glove2m_normalized_ansmet_open.yaml	simulator/memory/20260404/ansmet_rowpolicy_seven_dataset_k10_nq1000/logs/glove2m_normalized_ansmet_open_stats.yml	3ee4455b8b74c67d2348ea15aec464e710dc0ef136e253350a3a08e646176d24	simulator/memory/20260404/ansmet_rowpolicy_seven_dataset_k10_nq1000/runs/formal_submit/02_glove2m_normalized_ansmet_open/slurm-9667338.out	7e2f0eee38fed4bf5e16bd56ed91145f4e19784adab0ec638027dc9c880f0996	OpenRowPolicy	500	800	0.9006	1000	10
glove2m	GV	ndp_et	configs/ndp_et/glove2m_normalized_ndp_et.yaml	cfb7f48f996fb850873fe4d1fe87f420017d06ad8e996e1500035244ea04f697	simulator/memory/20260331/eight_config_k10_nq1000_noncpu_ndpfpma_nfmac16_emb017_stdfp16_finalize40_12/yamls/glove2m_normalized_ndp_et.yaml	simulator/memory/20260331/eight_config_k10_nq1000_noncpu_ndpfpma_nfmac16_emb017_stdfp16_finalize40_12/logs/glove2m_normalized_ndp_et_stats.yml	73239a61529d49a7b3b60208e2899efcadfbaa50cee9eecb6d58c5259ef16536	simulator/memory/20260331/eight_config_k10_nq1000_noncpu_ndpfpma_nfmac16_emb017_stdfp16_finalize40_12/runs/formal_submit/10_glove2m_normalized_ndp_et/slurm-9624225.out	a53667fa11a1755e0c515cdffcbfbf1f214ad157b7f133f0ecff8534860b22ef	ClosedRowPolicy	500	800	0.8985	1000	10
glove2m	GV	mfnns	configs/mfnns/glove2m_normalized_mfnns.yaml	05cf49ff1a810e7acc83c48ec7a86d30a00e5999c969fd751e347ef4ee69401f	simulator/memory/20260331/eight_config_k10_nq1000_noncpu_ndpfpma_nfmac16_emb017_stdfp16_finalize40_12/yamls/glove2m_normalized_mfnns.yaml	simulator/memory/20260331/eight_config_k10_nq1000_noncpu_ndpfpma_nfmac16_emb017_stdfp16_finalize40_12/logs/glove2m_normalized_mfnns_stats.yml	b069c028e5a3c89c07ca375c6d7b265ab60f38a2f1edf4fe52718ed360165cdd	simulator/memory/20260331/eight_config_k10_nq1000_noncpu_ndpfpma_nfmac16_emb017_stdfp16_finalize40_12/runs/formal_submit/12_glove2m_normalized_mfnns/slurm-9624227.out	9a8226741cad5c8e84a90401de31dc883bc9517d76a22f45b1f60f08c07a704a	OpenRowPolicy	500	800	0.8985	1000	10
sift1m	SF	ansmet_open	configs/ansmet_open/sift1m_normalized_ansmet_open.yaml	f045c2c8bab06c08dcde9bba2cd3a14a58259ef3e42a5f7c856b9701d523e792	simulator/memory/20260404/ansmet_rowpolicy_seven_dataset_k10_nq1000/yamls/sift1m_normalized_ansmet_open.yaml	simulator/memory/20260404/ansmet_rowpolicy_seven_dataset_k10_nq1000/logs/sift1m_normalized_ansmet_open_stats.yml	8302f6900a76ac1849b98efd92e4dfdb6d463fd767322d37bdad4a1074ea3542	simulator/memory/20260404/ansmet_rowpolicy_seven_dataset_k10_nq1000/runs/formal_submit/04_sift1m_normalized_ansmet_open/slurm-9667340.out	af5e2af8febae833ce8de2234419596bcebdbcb252d40df585d046cde7773cc1	OpenRowPolicy	10	10	0.9015	1000	10
sift1m	SF	ndp_et	configs/ndp_et/sift1m_normalized_ndp_et.yaml	02261da5a6c53945d396e35d00048b7345806163cb0f2b9256969bfdb564dd57	simulator/memory/20260331/eight_config_k10_nq1000_noncpu_ndpfpma_nfmac16_emb017_stdfp16_finalize40_12/yamls/sift1m_normalized_ndp_et.yaml	simulator/memory/20260331/eight_config_k10_nq1000_noncpu_ndpfpma_nfmac16_emb017_stdfp16_finalize40_12/logs/sift1m_normalized_ndp_et_stats.yml	978a3f8da375490f0d6fec248c08111d484a60a73924a30e20cc4394dfaec792	simulator/memory/20260331/eight_config_k10_nq1000_noncpu_ndpfpma_nfmac16_emb017_stdfp16_finalize40_12/runs/formal_submit/16_sift1m_normalized_ndp_et/slurm-9624231.out	cfc94707af0f6308a2c14eed11fbe09168419a120dc2e1477a78afda333fc4d7	ClosedRowPolicy	10	10	0.8927	1000	10
sift1m	SF	mfnns	configs/mfnns/sift1m_normalized_mfnns.yaml	81981509291a27adb33b343499d2c34eadae88f8c4e0cee9b6671c86484b76d4	simulator/memory/20260331/eight_config_k10_nq1000_noncpu_ndpfpma_nfmac16_emb017_stdfp16_finalize40_12/yamls/sift1m_normalized_mfnns.yaml	simulator/memory/20260331/eight_config_k10_nq1000_noncpu_ndpfpma_nfmac16_emb017_stdfp16_finalize40_12/logs/sift1m_normalized_mfnns_stats.yml	e6e54f2c1d0e6aa5d5c4c94633b821f7acba546a6caab6dc50c184330ef56373	simulator/memory/20260331/eight_config_k10_nq1000_noncpu_ndpfpma_nfmac16_emb017_stdfp16_finalize40_12/runs/formal_submit/18_sift1m_normalized_mfnns/slurm-9624233.out	377662aa2e9fb6ebeba46bcd28a8fd1d03df780ff007a17a90b85c08ea0cd09e	OpenRowPolicy	10	10	0.8927	1000	10
t2i1m	T2I	ansmet_open	configs/ansmet_open/t2i1m_normalized_ansmet_open.yaml	32c033d631db0b3f351b812aebdcde0dcfb9cbcad4537c10d9fd34ecc75ffd81	simulator/memory/20260404/ansmet_rowpolicy_seven_dataset_k10_nq1000/yamls/t2i1m_normalized_ansmet_open.yaml	simulator/memory/20260404/ansmet_rowpolicy_seven_dataset_k10_nq1000/logs/t2i1m_normalized_ansmet_open_stats.yml	78f7cb196c79c3254fc190afe741fcc8f948f452aad4823d274da43eb3591078	simulator/memory/20260404/ansmet_rowpolicy_seven_dataset_k10_nq1000/runs/formal_submit/05_t2i1m_normalized_ansmet_open/slurm-9667341.out	a64744e9f0a1152ea48395fbde121fe969d35521e3a0abf53dd774cf45e15758	OpenRowPolicy	25	70	0.8749	1000	10
t2i1m	T2I	ndp_et	configs/ndp_et/t2i1m_normalized_ndp_et.yaml	461ae13c86441ac078ddc4aaa470679455ca1070afeccefd4223d9308d6b52cf	simulator/memory/20260331/eight_config_k10_nq1000_noncpu_ndpfpma_nfmac16_emb017_stdfp16_finalize40_12/yamls/t2i1m_normalized_ndp_et.yaml	simulator/memory/20260331/eight_config_k10_nq1000_noncpu_ndpfpma_nfmac16_emb017_stdfp16_finalize40_12/logs/t2i1m_normalized_ndp_et_stats.yml	bd7f61b2ca69a430ce01a86370ae0110118fd351b6f41f7e256404a8130378d5	simulator/memory/20260331/eight_config_k10_nq1000_noncpu_ndpfpma_nfmac16_emb017_stdfp16_finalize40_12/runs/formal_submit/22_t2i1m_normalized_ndp_et/slurm-9624237.out	64802ac58230a1b730c41caf54c668d6c5ee25f3aebea434daee5f26efa71b5f	ClosedRowPolicy	24	70	0.869	1000	10
t2i1m	T2I	mfnns	configs/mfnns/t2i1m_normalized_mfnns.yaml	e6042ef5d8f7efa5b262a483dcab442489191c23150e1c33f5773bca49aec048	simulator/memory/20260331/eight_config_k10_nq1000_noncpu_ndpfpma_nfmac16_emb017_stdfp16_finalize40_12/yamls/t2i1m_normalized_mfnns.yaml	simulator/memory/20260331/eight_config_k10_nq1000_noncpu_ndpfpma_nfmac16_emb017_stdfp16_finalize40_12/logs/t2i1m_normalized_mfnns_stats.yml	51652be69f7008c57de13a4ecad1090a7996c5453d04582975cecf3d4724cd78	simulator/memory/20260331/eight_config_k10_nq1000_noncpu_ndpfpma_nfmac16_emb017_stdfp16_finalize40_12/runs/formal_submit/24_t2i1m_normalized_mfnns/slurm-9624239.out	9e0cbfd5e1c840851d95e0ad45db497efe4a5c2fe5f6285494504a1982cd028d	OpenRowPolicy	24	70	0.869	1000	10
w2v1m	W2V	ansmet_open	configs/ansmet_open/w2v1m_normalized_ansmet_open.yaml	4c10d5d8e4e4d648db553499be6458f6f7b9c76c3cd37bf4dddabd8ddb49da06	simulator/memory/20260404/ansmet_rowpolicy_seven_dataset_k10_nq1000/yamls/w2v1m_normalized_ansmet_open.yaml	simulator/memory/20260404/ansmet_rowpolicy_seven_dataset_k10_nq1000/logs/w2v1m_normalized_ansmet_open_stats.yml	d306d3bec74904f1bd70c4d5c5290c42c776fcc1232955e1c66e0ccc95a25632	simulator/memory/20260404/ansmet_rowpolicy_seven_dataset_k10_nq1000/runs/formal_submit/06_w2v1m_normalized_ansmet_open/slurm-9667342.out	7baa9dc2dd14640098014414a5bb0441b38865f491963040d71bac86b2b8cdb7	OpenRowPolicy	26	35	0.9207	1000	10
w2v1m	W2V	ndp_et	configs/ndp_et/w2v1m_normalized_ndp_et.yaml	5fb071fa032ed0a0e46d8e5f0141bd5674154807111fd80b4bf91f4c1567c8e4	simulator/memory/20260331/eight_config_k10_nq1000_noncpu_ndpfpma_nfmac16_emb017_stdfp16_finalize40_12/yamls/w2v1m_normalized_ndp_et.yaml	simulator/memory/20260331/eight_config_k10_nq1000_noncpu_ndpfpma_nfmac16_emb017_stdfp16_finalize40_12/logs/w2v1m_normalized_ndp_et_stats.yml	fa0d65ff74eeb0572d915ea0adb4414bc1ae32ea6cdab8b6048eada463214862	simulator/memory/20260331/eight_config_k10_nq1000_noncpu_ndpfpma_nfmac16_emb017_stdfp16_finalize40_12/runs/formal_submit/28_w2v1m_normalized_ndp_et/slurm-9624243.out	f26963c11393c51c9504792728d8c37223623f0a8ddf28380fca7db6ad4dec7a	ClosedRowPolicy	26	35	0.9113	1000	10
w2v1m	W2V	mfnns	configs/mfnns/w2v1m_normalized_mfnns.yaml	a6e8e7bdd3fc68f1620cf263e96451b1f18d1cf693bd86776f7b42fb670d98fc	simulator/memory/20260331/eight_config_k10_nq1000_noncpu_ndpfpma_nfmac16_emb017_stdfp16_finalize40_12/yamls/w2v1m_normalized_mfnns.yaml	simulator/memory/20260331/eight_config_k10_nq1000_noncpu_ndpfpma_nfmac16_emb017_stdfp16_finalize40_12/logs/w2v1m_normalized_mfnns_stats.yml	6e238fcc08edef0084d37175a556f7d2d5918dbf4ee8ae59ab7111f515915c68	simulator/memory/20260331/eight_config_k10_nq1000_noncpu_ndpfpma_nfmac16_emb017_stdfp16_finalize40_12/runs/formal_submit/30_w2v1m_normalized_mfnns/slurm-9624245.out	875a7b25ab4d07e06f0cd74a8d33918c2e2f8122942bfe9628bdaac740aa58aa	OpenRowPolicy	26	35	0.9113	1000	10
wiki1m	WK	ansmet_open	configs/ansmet_open/wiki1m_normalized_ansmet_open.yaml	8c17810bfb55462bcc71f3740d11ef6dc18d3a69e02813a5ac28a6c4fb8661ce	simulator/memory/20260404/ansmet_rowpolicy_seven_dataset_k10_nq1000/yamls/wiki1m_normalized_ansmet_open.yaml	simulator/memory/20260404/ansmet_rowpolicy_seven_dataset_k10_nq1000/logs/wiki1m_normalized_ansmet_open_stats.yml	a2d54255e40e116600da8268dc1ca3976b9ba6c70bfcac7c26351694d7d6afe2	simulator/memory/20260404/ansmet_rowpolicy_seven_dataset_k10_nq1000/runs/formal_submit/07_wiki1m_normalized_ansmet_open/slurm-9667343.out	651110bc6b01fb7d0c28bddc8af3453e5ba45e7ea0bea4be726260b1635df34f	OpenRowPolicy	17	35	0.8898	1000	10
wiki1m	WK	ndp_et	configs/ndp_et/wiki1m_normalized_ndp_et.yaml	bc13dc687ee887be45af29506e4617d4c0d0248cce80d1ed657c5e4654ae75ca	simulator/memory/20260331/eight_config_k10_nq1000_noncpu_ndpfpma_nfmac16_emb017_stdfp16_finalize40_12/yamls/wiki1m_normalized_ndp_et.yaml	simulator/memory/20260331/eight_config_k10_nq1000_noncpu_ndpfpma_nfmac16_emb017_stdfp16_finalize40_12/logs/wiki1m_normalized_ndp_et_stats.yml	9a2de1230c274084205c32bcf4e3e2b382e1a2074c97c377e0d5da8d5e9bb90b	simulator/memory/20260331/eight_config_k10_nq1000_noncpu_ndpfpma_nfmac16_emb017_stdfp16_finalize40_12/runs/formal_submit/34_wiki1m_normalized_ndp_et/slurm-9624249.out	7deb218bb11b96e42d4d4a3b0f4086b131a3e6ac9cb8d68d01f7055d68305d18	ClosedRowPolicy	18	35	0.8949	1000	10
wiki1m	WK	mfnns	configs/mfnns/wiki1m_normalized_mfnns.yaml	f2639ae90c8c0ea1ae256e62dc354258a1c34a7bcf81aac6c54912fbc6171d6d	simulator/memory/20260331/eight_config_k10_nq1000_noncpu_ndpfpma_nfmac16_emb017_stdfp16_finalize40_12/yamls/wiki1m_normalized_mfnns.yaml	simulator/memory/20260331/eight_config_k10_nq1000_noncpu_ndpfpma_nfmac16_emb017_stdfp16_finalize40_12/logs/wiki1m_normalized_mfnns_stats.yml	c1d97eace3e92b7643c2b22bec783e77c48841facdf506590719ddde0a41b107	simulator/memory/20260331/eight_config_k10_nq1000_noncpu_ndpfpma_nfmac16_emb017_stdfp16_finalize40_12/runs/formal_submit/36_wiki1m_normalized_mfnns/slurm-9624251.out	00df9bf2ee91ee116994af2f53728cc6242cab3022dc6de57549231127f330b3	OpenRowPolicy	18	35	0.8949	1000	10
pubmed	PM	ansmet_open	configs/ansmet_open/pubmed_raw_ansmet_open.yaml	ffef222055b0f763169e786b00f0a7f86cbe81a901ce8bb28c4470afe49c1a74	simulator/memory/20260404/ansmet_rowpolicy_seven_dataset_k10_nq1000/yamls/pubmed_raw_ansmet_open.yaml	simulator/memory/20260404/ansmet_rowpolicy_seven_dataset_k10_nq1000/logs/pubmed_raw_ansmet_open_stats.yml	7658d81a8df4e4ac803e462f78bf2b84581e4db94d34209d32c709ad10ed6fa4	simulator/memory/20260404/ansmet_rowpolicy_seven_dataset_k10_nq1000/runs/formal_submit/03_pubmed_raw_ansmet_open/slurm-9667339.out	5b07088d77e05023037f878e58d6b58709adef859f5c88c13516596ed0a4b211	OpenRowPolicy	220	700	0.9032	1000	10
pubmed	PM	ndp_et	configs/ndp_et/pubmed_raw_ndp_et.yaml	27ac7e22e5f267d7a068a02e538e4217cfbf040afd4738b24b7427973407d9d7	simulator/memory/20260331/eight_config_k10_nq1000_noncpu_ndpfpma_nfmac16_emb017_stdfp16_finalize40_12/yamls/pubmed_raw_ndp_et.yaml	simulator/memory/20260331/eight_config_k10_nq1000_noncpu_ndpfpma_nfmac16_emb017_stdfp16_finalize40_12/logs/pubmed_raw_ndp_et_stats.yml	9ded459fff41b0f330610ad646752301b6647ca7fae84b4791cf46b8f9928117	simulator/memory/20260331/eight_config_k10_nq1000_noncpu_ndpfpma_nfmac16_emb017_stdfp16_finalize40_12/runs/formal_submit/46_pubmed_raw_ndp_et/slurm-9624261.out	ddef405866e10c70c1a6a65fc1694828d75c4a4765171e2f0c3b66ab1a16244c	ClosedRowPolicy	220	700	0.902	1000	10
pubmed	PM	mfnns	configs/mfnns/pubmed_raw_mfnns.yaml	edccb5a4174fd30ce50558f38fcbdfef48c15075b513d9507529fd1b20ab3c00	simulator/memory/20260331/eight_config_k10_nq1000_noncpu_ndpfpma_nfmac16_emb017_stdfp16_finalize40_12/yamls/pubmed_raw_mfnns.yaml	simulator/memory/20260331/eight_config_k10_nq1000_noncpu_ndpfpma_nfmac16_emb017_stdfp16_finalize40_12/logs/pubmed_raw_mfnns_stats.yml	aef4cc7e5924a31ff8ec1a5ae9adc7665ed5aed2ebaa7726a3a4df08c29d2441	simulator/memory/20260331/eight_config_k10_nq1000_noncpu_ndpfpma_nfmac16_emb017_stdfp16_finalize40_12/runs/formal_submit/48_pubmed_raw_mfnns/slurm-9624263.out	6d4d1d8d84cbb0a1f36d5d0d4621bbc0a0a17edd647f8d80c356677ace93c94d	OpenRowPolicy	220	700	0.902	1000	10
